ticket,symbol,action,volume,price,time,result,close_price,close_time,profit,mfe,mae,chat_id
1161217100,ETHUSDm,SELL,0.15,0.0,2026-01-22 00:14:56,CLOSED,2980.07,2026-01-22 00:14:56,1.74,0.0,0.0,
1161188519,ETHUSDm,BUY,0.1,0.0,2026-01-22 00:04:55,CLOSED,2991.62,2026-01-22 00:04:55,-0.39,0.0,0.0,
1161188215,ETHUSDm,BUY,0.1,0.0,2026-01-22 00:04:48,CLOSED,2993.8,2026-01-22 00:04:48,-0.25,0.0,0.0,
1161187981,ETHUSDm,BUY,0.1,0.0,2026-01-22 00:04:36,CLOSED,2995.3,2026-01-22 00:04:36,-0.13,0.0,0.0,
1161169669,ETHUSDm,BUY,0.15,0.0,2026-01-22 00:04:29,CLOSED,2992.9,2026-01-22 00:04:29,-0.38,0.0,0.0,
1161169562,ETHUSDm,BUY,0.15,0.0,2026-01-22 00:04:22,CLOSED,2991.59,2026-01-22 00:04:22,-0.7,0.0,0.0,
1161063082,XAUUSDm,BUY,0.01,0.0,2026-01-21 23:28:06,CLOSED,4825.166,2026-01-21 23:28:06,2.51,0.0,0.0,
1161063076,XAUUSDm,BUY,0.01,0.0,2026-01-21 23:28:06,CLOSED,4825.166,2026-01-21 23:28:06,2.51,0.0,0.0,
1161063067,XAUUSDm,BUY,0.01,0.0,2026-01-21 23:28:06,CLOSED,4825.166,2026-01-21 23:28:06,2.6,0.0,0.0,
1161063057,XAUUSDm,BUY,0.01,0.0,2026-01-21 23:28:06,CLOSED,4825.166,2026-01-21 23:28:06,3.02,0.0,0.0,
1161063051,XAUUSDm,BUY,0.01,0.0,2026-01-21 23:28:06,CLOSED,4825.166,2026-01-21 23:28:06,2.92,0.0,0.0,
1161063041,XAUUSDm,BUY,0.01,0.0,2026-01-21 23:28:06,CLOSED,4825.166,2026-01-21 23:28:06,2.8,0.0,0.0,
1161063034,XAUUSDm,BUY,0.01,0.0,2026-01-21 23:28:06,CLOSED,4825.166,2026-01-21 23:28:06,2.79,0.0,0.0,
1161063030,XAUUSDm,BUY,0.01,0.0,2026-01-21 23:28:06,CLOSED,4825.166,2026-01-21 23:28:06,2.45,0.0,0.0,
1161063019,XAUUSDm,BUY,0.01,0.0,2026-01-21 23:28:06,CLOSED,4825.166,2026-01-21 23:28:06,2.62,0.0,0.0,
1161063015,XAUUSDm,BUY,0.01,0.0,2026-01-21 23:28:06,CLOSED,4825.166,2026-01-21 23:28:06,2.4699999999999998,0.0,0.0,
1161063006,XAUUSDm,BUY,0.01,0.0,2026-01-21 23:28:06,CLOSED,4825.166,2026-01-21 23:28:06,2.56,0.0,0.0,
1159926623,EURUSDm,BUY,0.01,0.0,2026-01-21 17:51:51,CLOSED,1.17043,2026-01-21 17:51:51,-0.54,0.0,0.0,
1159885875,EURUSDm,BUY,0.01,0.0,2026-01-21 20:55:51,CLOSED,1.17346,2026-01-21 20:55:51,3.0,0.0,0.0,
1159857304,EURUSDm,BUY,0.01,0.0,2026-01-21 20:51:59,CLOSED,1.17332,2026-01-21 20:51:59,3.0,0.0,0.0,
1159376573,ETHUSDm,SELL,0.12,0.0,2026-01-21 14:24:06,CLOSED,2990.63,2026-01-21 14:24:06,-0.26,0.0,0.0,
1159318171,XAUUSDm,SELL,0.08,0.0,2026-01-21 14:24:02,CLOSED,4880.175,2026-01-21 14:24:02,-55.97,0.0,0.0,
1159298385,XAUUSDm,BUY,0.06,0.0,2026-01-21 14:03:26,CLOSED,4874.643,2026-01-21 14:03:26,11.49,0.0,0.0,
1159297628,XAUUSDm,BUY,0.06,0.0,2026-01-21 13:54:40,CLOSED,4873.137,2026-01-21 13:54:40,1.5,0.0,0.0,
1159284384,XAUUSDm,BUY,0.06,0.0,2026-01-21 14:03:13,CLOSED,4873.977,2026-01-21 14:03:13,-10.53,0.0,0.0,
1159275186,ETHUSDm,SELL,0.15,0.0,2026-01-21 14:24:02,CLOSED,2989.86,2026-01-21 14:24:02,-0.68,0.0,0.0,
1159275168,XAUUSDm,SELL,0.03,0.0,2026-01-21 13:47:21,CLOSED,4875.482,2026-01-21 13:47:21,-17.49,0.0,0.0,
1159076849,XAUUSDm,BUY,0.01,0.0,2026-01-21 13:17:18,CLOSED,4869.85,2026-01-21 13:17:18,15.97,0.0,0.0,
1159050795,XAUUSDm,SELL,0.18,0.0,2026-01-21 12:34:18,CLOSED,4853.853,2026-01-21 12:34:18,-38.8,0.0,0.0,
1159046273,XAUUSDm,SELL,0.18,0.0,2026-01-21 12:21:10,CLOSED,4849.718,2026-01-21 12:21:10,5.46,0.0,0.0,
1159043227,XAUUSDm,SELL,0.18,0.0,2026-01-21 12:19:56,CLOSED,4850.144,2026-01-21 12:19:56,6.77,0.0,0.0,
1159033517,XAUUSDm,SELL,0.18,0.0,2026-01-21 12:33:57,CLOSED,4855.181,2026-01-21 12:33:57,-191.36,0.0,0.0,
1159008593,XAUUSDm,SELL,0.12,0.0,2026-01-21 12:33:40,CLOSED,4854.516,2026-01-21 12:33:40,-114.19,0.0,0.0,
1158919384,EURUSDm,SELL,0.23,0.0,2026-01-21 13:17:18,CLOSED,1.17209,2026-01-21 13:17:18,-13.34,0.0,0.0,
1158874225,XAUUSDm,BUY,0.18,0.0,2026-01-21 11:12:42,CLOSED,4847.5,2026-01-21 11:12:42,78.37,0.0,0.0,
1158853588,XAUUSDm,SELL,0.01,0.0,2026-01-21 11:06:28,CLOSED,4843.4,2026-01-21 11:06:28,-3.75,0.0,0.0,
1158800024,XAUUSDm,SELL,0.15,0.0,2026-01-21 11:06:19,CLOSED,4843.922,2026-01-21 11:06:19,-110.26,0.0,0.0,
1157835248,XAUUSDm,SELL,0.12,0.0,2026-01-21 00:24:00,CLOSED,4739.908,2026-01-21 00:24:00,-16.9,0.0,0.0,
1157000829,XAUUSDm,BUY,0.16,0.0,2026-01-20 21:19:45,CLOSED,4724.987,2026-01-20 21:19:45,49.39,0.0,0.0,
1156937406,EURUSDm,SELL,0.15,0.0,2026-01-20 21:06:22,CLOSED,1.1725600000000003,2026-01-20 21:06:22,14.85,0.0,0.0,
1156912264,XAUUSDm,BUY,0.18,0.0,2026-01-20 21:19:45,CLOSED,4724.987,2026-01-20 21:19:45,48.37,0.0,0.0,
1156882810,XAUUSDm,BUY,0.15,0.0,2026-01-20 21:34:54,CLOSED,4725.098,2026-01-20 21:34:54,68.97,0.0,0.0,
1156814397,EURUSDm,SELL,0.15,0.0,2026-01-20 20:06:31,CLOSED,1.1731800000000001,2026-01-20 20:06:31,6.0,0.0,0.0,
1156776889,EURUSDm,SELL,0.01,0.0,2026-01-20 19:39:42,CLOSED,1.1731900000000002,2026-01-20 19:39:42,-0.3,0.0,0.0,
1156760336,EURUSDm,SELL,0.12,0.0,2026-01-20 19:39:42,CLOSED,1.1731900000000002,2026-01-20 19:39:42,-9.36,0.0,0.0,
1156748994,EURUSDm,BUY,0.15,0.0,2026-01-20 19:17:29,CLOSED,1.1723700000000001,2026-01-20 19:17:29,-7.35,0.0,0.0,
1156736554,EURUSDm,SELL,0.01,0.0,2026-01-20 19:10:52,CLOSED,1.1728500000000002,2026-01-20 19:10:52,0.2,0.0,0.0,
1156726502,EURUSDm,SELL,0.12,0.0,2026-01-20 19:10:40,CLOSED,1.1728900000000002,2026-01-20 19:10:40,-0.36,0.0,0.0,
1156686202,EURUSDm,BUY,0.08,0.0,2026-01-20 19:02:10,CLOSED,1.17287,2026-01-20 19:02:10,2.8,0.0,0.0,
1156665387,EURUSDm,SELL,0.02,0.0,2026-01-20 18:40:52,CLOSED,1.17243,2026-01-20 18:40:52,-0.74,0.0,0.0,
1156633334,EURUSDm,SELL,0.01,0.0,2026-01-20 18:40:42,CLOSED,1.1724,2026-01-20 18:40:42,-0.82,0.0,0.0,
1156621548,EURUSDm,BUY,0.15,0.0,2026-01-20 18:17:16,CLOSED,1.17165,2026-01-20 18:17:16,-14.7,0.0,0.0,
1156613609,EURUSDm,SELL,0.04,0.0,2026-01-20 18:11:05,CLOSED,1.1725900000000002,2026-01-20 18:11:05,0.16,0.0,0.0,
1156598565,EURUSDm,SELL,0.03,0.0,2026-01-20 18:10:56,CLOSED,1.1725400000000001,2026-01-20 18:10:56,0.12,0.0,0.0,
1156563977,EURUSDm,BUY,0.15,0.0,2026-01-20 17:59:34,CLOSED,1.1725400000000001,2026-01-20 17:59:34,-8.1,0.0,0.0,
1156488287,EURUSDm,SELL,0.12,0.0,2026-01-20 17:42:22,CLOSED,1.1731200000000002,2026-01-20 17:42:22,-11.04,0.0,0.0,
1156349122,XAUUSDm,BUY,0.15,0.0,2026-01-20 16:50:43,CLOSED,4726.034,2026-01-20 16:50:43,83.88,0.0,0.0,
1156346739,XAUUSDm,BUY,0.15,0.0,2026-01-20 16:50:38,CLOSED,4725.629,2026-01-20 16:50:38,32.66,0.0,0.0,
1156300183,EURUSDm,SELL,0.01,0.0,2026-01-20 16:18:43,CLOSED,1.1700800000000002,2026-01-20 16:18:43,0.03,0.0,0.0,
1156261491,XAUUSDm,BUY,0.18,0.0,2026-01-20 16:18:43,CLOSED,4723.5960000000005,2026-01-20 16:18:43,55.87,0.0,0.0,
1156254244,EURUSDm,SELL,0.01,0.0,2026-01-20 16:18:43,CLOSED,1.1700800000000002,2026-01-20 16:18:43,-0.58,0.0,0.0,
1156232380,XAUUSDm,SELL,0.15,0.0,2026-01-20 16:05:02,CLOSED,4720.642,2026-01-20 16:05:02,-84.63,0.0,0.0,
1156226920,EURUSDm,SELL,0.01,0.0,2026-01-20 16:18:43,CLOSED,1.1700800000000002,2026-01-20 16:18:43,-0.58,0.0,0.0,
1153395961,ETHUSDm,SELL,0.1,0.0,2026-01-19 12:56:27,CLOSED,3214.88,2026-01-19 12:56:27,-0.19,0.0,0.0,
1153392766,XAUUSDm,BUY,0.15,0.0,2026-01-19 12:47:13,CLOSED,4661.968,2026-01-19 12:47:13,3.82,0.0,0.0,
1152481797,ETHUSDm,BUY,0.15,0.0,2026-01-19 02:28:32,CLOSED,3345.0,2026-01-19 02:28:32,2.11,0.0,0.0,
1152481762,ETHUSDm,BUY,0.15,0.0,2026-01-19 02:28:32,CLOSED,3345.0,2026-01-19 02:28:32,1.69,0.0,0.0,
1152481586,ETHUSDm,BUY,0.15,0.0,2026-01-19 02:28:32,CLOSED,3345.0,2026-01-19 02:28:32,1.23,0.0,0.0,
1152481122,ETHUSDm,BUY,0.15,0.0,2026-01-19 02:28:32,CLOSED,3345.0,2026-01-19 02:28:32,0.84,0.0,0.0,
1152481078,ETHUSDm,BUY,0.15,0.0,2026-01-19 02:28:32,CLOSED,3345.0,2026-01-19 02:28:32,0.45,0.0,0.0,
1152463135,ETHUSDm,BUY,0.15,0.0,2026-01-18 22:15:16,CLOSED,3335.5,2026-01-18 22:15:16,2.51,0.0,0.0,
1152450458,ETHUSDm,BUY,0.15,0.0,2026-01-18 22:15:16,CLOSED,3335.5,2026-01-18 22:15:16,2.11,0.0,0.0,
1152440483,ETHUSDm,BUY,0.21,0.0,2026-01-18 17:21:37,CLOSED,3320.0,2026-01-18 17:21:37,2.73,0.0,0.0,
1152429050,ETHUSDm,BUY,0.21,0.0,2026-01-18 17:21:37,CLOSED,3320.0,2026-01-18 17:21:37,1.55,0.0,0.0,
1152428480,ETHUSDm,BUY,0.21,0.0,2026-01-18 17:21:37,CLOSED,3320.0,2026-01-18 17:21:37,0.84,0.0,0.0,
1152427307,ETHUSDm,BUY,0.15,0.0,2026-01-18 11:50:11,CLOSED,3315.0,2026-01-18 11:50:11,0.01,0.0,0.0,
1152424175,ETHUSDm,BUY,0.15,0.0,2026-01-18 11:32:47,CLOSED,3315.0,2026-01-18 11:32:47,1.49,0.0,0.0,
1152372990,ETHUSDm,BUY,0.15,0.0,2026-01-17 23:19:11,CLOSED,3315.0,2026-01-17 23:19:11,1.22,0.0,0.0,
1152358242,ETHUSDm,BUY,0.15,0.0,2026-01-17 22:14:55,CLOSED,3305.0,2026-01-17 22:14:55,0.59,0.0,0.0,
1152357239,ETHUSDm,BUY,0.15,0.0,2026-01-17 22:14:55,CLOSED,3305.0,2026-01-17 22:14:55,0.38,0.0,0.0,
1152350797,ETHUSDm,SELL,0.1,0.0,2026-01-17 18:43:58,CLOSED,3296.17,2026-01-17 18:43:58,-0.18,0.0,0.0,
124940062,GOLD,BUY,0.15,0.0,2026-01-19 15:07:30,CLOSED,4677.38,2026-01-19 15:07:30,9.15,0.0,0.0,
124937967,GOLD,BUY,0.15,0.0,2026-01-19 14:49:56,CLOSED,4674.43,2026-01-19 14:49:56,-8.85,0.0,0.0,
124935267,GOLD,BUY,0.01,0.0,2026-01-19 14:32:04,CLOSED,4672.73,2026-01-19 14:32:04,2.98,0.0,0.0,
124934722,GOLD,BUY,0.15,0.0,2026-01-19 14:32:01,CLOSED,4672.47,2026-01-19 14:32:01,42.0,0.0,0.0,
124934276,EURUSD,BUY,0.15,0.0,2026-01-19 14:30:58,CLOSED,1.16293,2026-01-19 14:30:58,1.95,0.0,0.0,
124933223,GOLD,BUY,0.15,0.0,2026-01-19 14:00:16,CLOSED,4669.65,2026-01-19 14:00:16,9.9,0.0,0.0,
124931522,GOLD,BUY,0.15,0.0,2026-01-19 13:33:07,CLOSED,4672.71,2026-01-19 13:33:07,10.8,0.0,0.0,
124930502,GOLD,BUY,0.15,0.0,2026-01-19 13:22:52,CLOSED,4670.64,2026-01-19 13:22:52,2.55,0.0,0.0,
124929272,GOLD,BUY,0.15,0.0,2026-01-19 13:03:02,CLOSED,4669.02,2026-01-19 13:03:02,9.45,0.0,0.0,
124928048,GOLD,BUY,0.01,0.0,2026-01-19 12:49:12,CLOSED,4663.12,2026-01-19 12:49:12,1.41,0.0,0.0,
124928047,GOLD,BUY,0.01,0.0,2026-01-19 12:49:12,CLOSED,4663.12,2026-01-19 12:49:12,1.41,0.0,0.0,
124927415,GOLD,BUY,0.01,0.0,2026-01-19 12:49:12,CLOSED,4663.12,2026-01-19 12:49:12,0.31,0.0,0.0,
124927414,GOLD,BUY,0.01,0.0,2026-01-19 12:49:11,CLOSED,4663.12,2026-01-19 12:49:11,0.31,0.0,0.0,
124926751,GOLD,BUY,0.01,0.0,2026-01-19 12:49:11,CLOSED,4663.12,2026-01-19 12:49:11,0.38,0.0,0.0,
124926750,GOLD,BUY,0.01,0.0,2026-01-19 12:49:11,CLOSED,4663.12,2026-01-19 12:49:11,0.38,0.0,0.0,
124926035,GOLD,BUY,0.01,0.0,2026-01-19 12:49:11,CLOSED,4663.12,2026-01-19 12:49:11,3.99,0.0,0.0,
124926034,GOLD,BUY,0.01,0.0,2026-01-19 12:49:11,CLOSED,4663.12,2026-01-19 12:49:11,3.99,0.0,0.0,
124925234,GOLD,BUY,0.01,0.0,2026-01-19 12:49:11,CLOSED,4663.12,2026-01-19 12:49:11,-0.44,0.0,0.0,
124925233,GOLD,BUY,0.01,0.0,2026-01-19 12:49:11,CLOSED,4663.12,2026-01-19 12:49:11,-0.44,0.0,0.0,
124923652,GOLD,SELL,0.01,0.0,2026-01-19 11:16:42,CLOSED,4667.9,2026-01-19 11:16:42,0.66,0.0,0.0,
124923651,GOLD,SELL,0.01,0.0,2026-01-19 11:16:35,CLOSED,4667.93,2026-01-19 11:16:35,0.63,0.0,0.0,
124920458,GOLD,BUY,0.15,0.0,2026-01-19 10:31:35,CLOSED,4661.53,2026-01-19 10:31:35,5.1,0.0,0.0,
124916307,GOLD,BUY,0.01,0.0,2026-01-19 09:49:02,CLOSED,4662.13,2026-01-19 09:49:02,-0.9,0.0,0.0,
124916069,GOLD,BUY,0.01,0.0,2026-01-19 09:49:01,CLOSED,4662.82,2026-01-19 09:49:01,-0.48,0.0,0.0,
124914259,AUDNZD,BUY,0.01,0.0,2026-01-19 12:49:11,CLOSED,1.15852,2026-01-19 12:49:11,-0.56,0.0,0.0,
124914087,GOLD,BUY,0.01,0.0,2026-01-19 09:30:04,CLOSED,4663.96,2026-01-19 09:30:04,0.33,0.0,0.0,
124911580,GOLD,BUY,0.01,0.0,2026-01-19 09:16:00,CLOSED,4664.39,2026-01-19 09:16:00,0.88,0.0,0.0,
124909473,GOLD,BUY,0.01,0.0,2026-01-19 09:02:01,CLOSED,4676.07,2026-01-19 09:02:01,2.99,0.0,0.0,
124909159,GOLD,BUY,0.01,0.0,2026-01-19 09:02:00,CLOSED,4676.38,2026-01-19 09:02:00,-0.13,0.0,0.0,
124909078,GOLD,SELL,0.01,0.0,2026-01-19 09:14:12,CLOSED,4663.1,2026-01-19 09:14:12,11.69,0.0,0.0,
124907747,EURUSD,SELL,0.02,0.0,2026-01-19 10:19:50,CLOSED,1.16196,2026-01-19 10:19:50,3.26,0.0,0.0,
124905861,EURUSD,SELL,0.18,0.0,2026-01-19 10:19:42,CLOSED,1.16196,2026-01-19 10:19:42,3.24,0.0,0.0,
124905656,GOLD,SELL,0.01,0.0,2026-01-19 08:31:28,CLOSED,4675.46,2026-01-19 08:31:28,0.15,0.0,0.0,
124904105,GOLD,BUY,0.15,0.0,2026-01-19 08:21:17,CLOSED,4667.7,2026-01-19 08:21:17,7.5,0.0,0.0,
124881446,EURUSD,SELL,0.23,0.0,2026-01-19 07:20:53,CLOSED,1.16095,2026-01-19 07:20:53,-66.24,0.0,0.0,
124881152,EURUSD,SELL,0.23,0.0,2026-01-19 07:20:53,CLOSED,1.16095,2026-01-19 07:20:53,-70.38,0.0,0.0,
124880789,EURUSD,SELL,0.15,0.0,2026-01-19 07:20:53,CLOSED,1.16095,2026-01-19 07:20:53,-44.85,0.0,0.0,
124859241,EURUSD,SELL,0.07,0.0,2026-01-19 06:05:07,CLOSED,1.1583700000000001,2026-01-19 06:05:07,10.68,0.0,0.0,
124857617,EURUSD,SELL,0.08,0.0,2026-01-19 06:05:04,CLOSED,1.15829,2026-01-19 06:05:04,9.879999999999999,0.0,0.0,
124855874,EURUSD,SELL,0.05,0.0,2026-01-19 06:05:00,CLOSED,1.15826,2026-01-19 06:05:00,4.33,0.0,0.0,
123776493,DOGEUSD,SELL,0.01,0.0,2026-01-10 11:25:49,CLOSED,0.1404,2026-01-10 11:25:49,-0.06,0.0,0.0,
123776492,DOGEUSD,SELL,0.01,0.0,2026-01-10 11:26:05,CLOSED,0.1404,2026-01-10 11:26:05,-0.06,0.0,0.0,
123766524,GOLD,BUY,0.01,0.0,2026-01-10 05:44:20,CLOSED,4511.14,2026-01-10 05:44:20,12.81,0.0,0.0,
123763934,GOLD,BUY,0.01,0.0,2026-01-10 03:53:08,CLOSED,4501.75,2026-01-10 03:53:08,4.09,0.0,0.0,
123759577,GOLD,BUY,0.01,0.0,2026-01-10 03:18:21,CLOSED,4499.39,2026-01-10 03:18:21,3.03,0.0,0.0,
123750881,GOLD,BUY,0.01,0.0,2026-01-10 02:05:40,CLOSED,4489.79,2026-01-10 02:05:40,5.25,0.0,0.0,
123750532,GOLD,BUY,0.01,0.0,2026-01-10 02:05:36,CLOSED,4489.45,2026-01-10 02:05:36,1.17,0.0,0.0,
123743796,GOLD,SELL,0.02,0.0,2026-01-10 01:21:40,CLOSED,4504.24,2026-01-10 01:21:40,3.26,0.0,0.0,
123742066,GOLD,BUY,0.01,0.0,2026-01-10 01:07:06,CLOSED,4510.03,2026-01-10 01:07:06,4.97,0.0,0.0,
123741651,GOLD,BUY,0.01,0.0,2026-01-10 01:07:03,CLOSED,4510.07,2026-01-10 01:07:03,1.08,0.0,0.0,
123738824,GOLD,BUY,0.01,0.0,2026-01-10 00:50:14,CLOSED,4506.69,2026-01-10 00:50:14,4.87,0.0,0.0,
123738009,GOLD,BUY,0.01,0.0,2026-01-10 00:50:10,CLOSED,4506.74,2026-01-10 00:50:10,1.27,0.0,0.0,
123669956,AUDCAD,SELL,0.01,0.0,2026-01-09 22:08:32,CLOSED,0.92818,2026-01-09 22:08:32,0.69,0.0,0.0,
123654612,GOLD,BUY,0.01,0.0,2026-01-09 21:20:23,CLOSED,4467.09,2026-01-09 21:20:23,2.62,0.0,0.0,
123654328,GOLD,BUY,0.01,0.0,2026-01-09 21:22:48,CLOSED,4471.86,2026-01-09 21:22:48,3.32,0.0,0.0,
123651582,GOLD,BUY,0.01,0.0,2026-01-09 21:06:37,CLOSED,4472.77,2026-01-09 21:06:37,3.96,0.0,0.0,
123647417,GOLD,BUY,0.01,0.0,2026-01-09 21:06:31,CLOSED,4472.68,2026-01-09 21:06:31,7.5,0.0,0.0,
123645076,GOLD,BUY,0.01,0.0,2026-01-09 21:06:24,CLOSED,4472.61,2026-01-09 21:06:24,3.7800000000000002,0.0,0.0,
123643897,GOLD,BUY,0.01,0.0,2026-01-09 21:06:12,CLOSED,4473.06,2026-01-09 21:06:12,-0.79,0.0,0.0,
123634259,GOLD,BUY,0.01,0.0,2026-01-09 20:04:21,CLOSED,4477.88,2026-01-09 20:04:21,9.89,0.0,0.0,
123633307,GOLD,BUY,0.01,0.0,2026-01-09 20:04:11,CLOSED,4477.43,2026-01-09 20:04:11,5.6,0.0,0.0,
123632736,NZDCAD,BUY,0.01,0.0,2026-01-10 02:38:37,CLOSED,0.79687,2026-01-10 02:38:37,1.58,0.0,0.0,
123631565,GOLD,BUY,0.01,0.0,2026-01-09 20:04:04,CLOSED,4477.32,2026-01-09 20:04:04,4.17,0.0,0.0,
123629402,GOLD,BUY,0.01,0.0,2026-01-09 20:03:53,CLOSED,4477.15,2026-01-09 20:03:53,5.34,0.0,0.0,
123623790,GOLD,BUY,0.01,0.0,2026-01-09 20:03:37,CLOSED,4477.17,2026-01-09 20:03:37,2.69,0.0,0.0,
123619781,GOLD,BUY,0.01,0.0,2026-01-09 17:07:13,CLOSED,4472.79,2026-01-09 17:07:13,6.61,0.0,0.0,
123618799,GOLD,BUY,0.01,0.0,2026-01-09 17:07:06,CLOSED,4472.6,2026-01-09 17:07:06,4.8100000000000005,0.0,0.0,
123618018,GOLD,BUY,0.01,0.0,2026-01-09 17:07:00,CLOSED,4472.45,2026-01-09 17:07:00,4.57,0.0,0.0,
123615401,GOLD,BUY,0.01,0.0,2026-01-09 17:06:44,CLOSED,4472.33,2026-01-09 17:06:44,-1.52,0.0,0.0,
123611334,AUDCAD,BUY,0.01,0.0,2026-01-09 21:32:15,CLOSED,0.92775,2026-01-09 21:32:15,0.66,0.0,0.0,
123608165,GOLD,BUY,0.01,0.0,2026-01-09 16:06:40,CLOSED,4474.32,2026-01-09 16:06:40,4.11,0.0,0.0,
123606729,GOLD,BUY,0.01,0.0,2026-01-09 16:06:35,CLOSED,4474.2,2026-01-09 16:06:35,5.09,0.0,0.0,
123602037,GOLD,BUY,0.01,0.0,2026-01-09 16:06:30,CLOSED,4474.72,2026-01-09 16:06:30,-0.3,0.0,0.0,
123584469,GOLD,BUY,0.01,0.0,2026-01-09 14:34:46,CLOSED,4475.0,2026-01-09 14:34:46,11.56,0.0,0.0,
123583549,GOLD,BUY,0.01,0.0,2026-01-09 14:34:41,CLOSED,4474.93,2026-01-09 14:34:41,6.8,0.0,0.0,
123581621,GOLD,BUY,0.01,0.0,2026-01-09 14:34:36,CLOSED,4475.07,2026-01-09 14:34:36,5.34,0.0,0.0,
123580305,GOLD,BUY,0.01,0.0,2026-01-09 14:34:31,CLOSED,4474.79,2026-01-09 14:34:31,2.37,0.0,0.0,
123578789,GOLD,BUY,0.01,0.0,2026-01-09 14:34:24,CLOSED,4474.62,2026-01-09 14:34:24,0.08,0.0,0.0,
123571502,GOLD,BUY,0.01,0.0,2026-01-09 09:52:43,CLOSED,4467.74,2026-01-09 09:52:43,6.3,0.0,0.0,
123570661,GOLD,BUY,0.01,0.0,2026-01-09 09:52:38,CLOSED,4467.75,2026-01-09 09:52:38,0.8,0.0,0.0,
123568248,GOLD,BUY,0.01,0.0,2026-01-09 09:52:34,CLOSED,4468.02,2026-01-09 09:52:34,10.2,0.0,0.0,
123568244,GOLD,BUY,0.01,0.0,2026-01-09 09:52:29,CLOSED,4467.96,2026-01-09 09:52:29,6.8,0.0,0.0,
123568241,GOLD,BUY,0.01,0.0,2026-01-09 08:34:38,CLOSED,4467.81,2026-01-09 08:34:38,3.11,0.0,0.0,
123567845,GOLD,BUY,0.01,0.0,2026-01-09 09:52:25,CLOSED,4467.36,2026-01-09 09:52:25,9.54,0.0,0.0,
123567839,GOLD,BUY,0.01,0.0,2026-01-09 09:52:20,CLOSED,4467.04,2026-01-09 09:52:20,5.88,0.0,0.0,
123567836,GOLD,BUY,0.01,0.0,2026-01-09 08:34:34,CLOSED,4467.65,2026-01-09 08:34:34,2.95,0.0,0.0,
123565676,GOLD,SELL,0.01,0.0,2026-01-09 07:48:00,CLOSED,4473.4,2026-01-09 07:48:00,2.67,0.0,0.0,
123564394,GOLD,BUY,0.01,0.0,2026-01-09 07:17:12,CLOSED,4476.11,2026-01-09 07:17:12,-3.01,0.0,0.0,
123559014,GOLD,BUY,0.01,0.0,2026-01-09 07:02:05,CLOSED,4483.37,2026-01-09 07:02:05,7.08,0.0,0.0,
123558472,GOLD,BUY,0.01,0.0,2026-01-09 07:02:00,CLOSED,4482.36,2026-01-09 07:02:00,7.01,0.0,0.0,
123558139,GOLD,BUY,0.01,0.0,2026-01-09 07:01:56,CLOSED,4482.25,2026-01-09 07:01:56,3.2199999999999998,0.0,0.0,
123555137,GOLD,BUY,0.01,0.0,2026-01-09 04:45:08,CLOSED,4474.5,2026-01-09 04:45:08,0.17,0.0,0.0,
123552317,GOLD,BUY,0.01,0.0,2026-01-09 04:30:04,CLOSED,4471.34,2026-01-09 04:30:04,0.07,0.0,0.0,
123549263,GOLD,SELL,0.01,0.0,2026-01-09 04:23:05,CLOSED,4464.18,2026-01-09 04:23:05,-5.9399999999999995,0.0,0.0,
123534792,GOLD,SELL,0.01,0.0,2026-01-09 04:19:15,CLOSED,4460.0,2026-01-09 04:19:15,-6.06,0.0,0.0,
123525157,GOLD,BUY,0.01,0.0,2026-01-09 02:22:14,CLOSED,4453.3,2026-01-09 02:22:14,-5.96,0.0,0.0,
123523294,GOLD,BUY,0.01,0.0,2026-01-09 02:19:14,CLOSED,4453.54,2026-01-09 02:19:14,-8.66,0.0,0.0,
123517176,GOLD,BUY,0.01,0.0,2026-01-09 00:38:38,CLOSED,4462.46,2026-01-09 00:38:38,2.88,0.0,0.0,
123515269,GOLD,SELL,0.01,0.0,2026-01-09 00:33:04,CLOSED,4459.5,2026-01-09 00:33:04,-6.06,0.0,0.0,
123512464,GOLD,SELL,0.01,0.0,2026-01-09 00:20:19,CLOSED,4453.07,2026-01-09 00:20:19,-5.99,0.0,0.0,
123512119,GOLD,BUY,0.01,0.0,2026-01-09 00:34:08,CLOSED,4460.71,2026-01-09 00:34:08,11.37,0.0,0.0,
123510640,GOLD,BUY,0.01,0.0,2026-01-09 00:34:02,CLOSED,4460.36,2026-01-09 00:34:02,7.18,0.0,0.0,
123498643,GOLD,BUY,0.01,0.0,2026-01-08 23:24:16,CLOSED,4449.08,2026-01-08 23:24:16,3.26,0.0,0.0,
123495067,GOLD,SELL,0.01,0.0,2026-01-08 23:17:18,CLOSED,4453.7,2026-01-08 23:17:18,-5.89,0.0,0.0,
123477146,GOLD,BUY,0.01,0.0,2026-01-08 22:36:18,CLOSED,4435.0,2026-01-08 22:36:18,3.61,0.0,0.0,
123474773,GOLD,BUY,0.01,0.0,2026-01-08 22:32:01,CLOSED,4424.34,2026-01-08 22:32:01,1.0,0.0,0.0,
123474756,GOLD,BUY,0.01,0.0,2026-01-08 22:30:32,CLOSED,4424.72,2026-01-08 22:30:32,1.0,0.0,0.0,
123474707,GOLD,BUY,0.01,0.0,2026-01-08 22:30:07,CLOSED,4425.16,2026-01-08 22:30:07,1.0,0.0,0.0,
123474686,GOLD,BUY,0.01,0.0,2026-01-08 22:30:07,CLOSED,4425.18,2026-01-08 22:30:07,1.0,0.0,0.0,
123474664,GOLD,BUY,0.01,0.0,2026-01-08 22:36:18,CLOSED,4435.0,2026-01-08 22:36:18,8.32,0.0,0.0,
123474642,GOLD,BUY,0.01,0.0,2026-01-08 22:35:58,CLOSED,4431.35,2026-01-08 22:35:58,2.3,0.0,0.0,
123468907,GOLD,BUY,0.01,0.0,2026-01-08 22:09:59,CLOSED,4423.7,2026-01-08 22:09:59,3.73,0.0,0.0,
123468845,GOLD,BUY,0.01,0.0,2026-01-08 22:09:55,CLOSED,4423.71,2026-01-08 22:09:55,2.34,0.0,0.0,
123451759,GOLD,BUY,0.01,0.0,2026-01-08 21:20:31,CLOSED,4428.68,2026-01-08 21:20:31,9.96,0.0,0.0,
123451408,GOLD,BUY,0.01,0.0,2026-01-08 21:20:26,CLOSED,4428.68,2026-01-08 21:20:26,6.82,0.0,0.0,
123449699,GOLD,BUY,0.01,0.0,2026-01-08 21:20:20,CLOSED,4428.26,2026-01-08 21:20:20,1.2,0.0,0.0,
123445738,GOLD,BUY,0.01,0.0,2026-01-08 21:20:14,CLOSED,4428.29,2026-01-08 21:20:14,-0.62,0.0,0.0,
123440008,GOLD,SELL,0.01,0.0,2026-01-08 20:26:46,CLOSED,4420.71,2026-01-08 20:26:46,-8.76,0.0,0.0,
123438566,AUDCAD,BUY,0.01,0.0,2026-01-09 07:01:51,CLOSED,0.92917,2026-01-09 07:01:51,0.63,0.0,0.0,
123436142,GOLD,BUY,0.01,0.0,2026-01-08 20:17:37,CLOSED,4412.41,2026-01-08 20:17:37,-1.97,0.0,0.0,
123434650,GOLD,BUY,0.01,0.0,2026-01-08 20:03:16,CLOSED,4418.84,2026-01-08 20:03:16,1.51,0.0,0.0,
123430595,GOLD,BUY,0.01,0.0,2026-01-08 20:17:32,CLOSED,4411.85,2026-01-08 20:17:32,-13.68,0.0,0.0,
123428257,GOLD,BUY,0.01,0.0,2026-01-08 20:17:26,CLOSED,4410.9,2026-01-08 20:17:26,-17.29,0.0,0.0,
123422760,GOLD,BUY,0.01,0.0,2026-01-08 20:17:21,CLOSED,4410.95,2026-01-08 20:17:21,-21.1,0.0,0.0,
123396398,GOLD,BUY,0.01,0.0,2026-01-08 16:39:39,CLOSED,4422.04,2026-01-08 16:39:39,1.0,0.0,0.0,
123396377,GOLD,BUY,0.01,0.0,2026-01-08 16:36:51,CLOSED,4423.61,2026-01-08 16:36:51,1.5,0.0,0.0,
123396354,GOLD,BUY,0.01,0.0,2026-01-08 17:01:08,CLOSED,4435.0,2026-01-08 17:01:08,11.82,0.0,0.0,
123396336,GOLD,BUY,0.01,0.0,2026-01-08 17:01:08,CLOSED,4435.0,2026-01-08 17:01:08,10.75,0.0,0.0,
123396297,GOLD,BUY,0.01,0.0,2026-01-08 17:01:08,CLOSED,4435.0,2026-01-08 17:01:08,9.68,0.0,0.0,
123386385,GOLD,BUY,0.01,0.0,2026-01-08 15:19:25,CLOSED,4433.24,2026-01-08 15:19:25,1.8599999999999999,0.0,0.0,
123385581,GOLD,BUY,0.01,0.0,2026-01-08 15:16:25,CLOSED,4433.69,2026-01-08 15:16:25,-0.34,0.0,0.0,
123385409,GOLD,BUY,0.01,0.0,2026-01-08 15:13:24,CLOSED,4438.27,2026-01-08 15:13:24,2.4699999999999998,0.0,0.0,
123382764,NZDCAD,BUY,0.01,0.0,2026-01-10 02:38:38,CLOSED,0.79687,2026-01-10 02:38:38,-1.08,0.0,0.0,
123377600,GOLD,SELL,0.01,0.0,2026-01-08 14:05:55,CLOSED,4417.57,2026-01-08 14:05:55,2.85,0.0,0.0,
123376538,GOLD,SELL,0.01,0.0,2026-01-08 14:04:01,CLOSED,4423.95,2026-01-08 14:04:01,4.15,0.0,0.0,
123376217,GOLD,SELL,0.01,0.0,2026-01-08 14:04:00,CLOSED,4424.48,2026-01-08 14:04:00,0.81,0.0,0.0,
123374789,GOLD,BUY,0.01,0.0,2026-01-08 13:57:28,CLOSED,4426.28,2026-01-08 13:57:28,4.34,0.0,0.0,
123374146,AUDCAD,BUY,0.01,0.0,2026-01-08 16:33:43,CLOSED,0.93023,2026-01-08 16:33:43,0.66,0.0,0.0,
123371970,GOLD,SELL,0.01,0.0,2026-01-08 13:42:20,CLOSED,4419.72,2026-01-08 13:42:20,6.0,0.0,0.0,
123371672,GOLD,SELL,0.01,0.0,2026-01-08 13:42:20,CLOSED,4419.72,2026-01-08 13:42:20,3.15,0.0,0.0,
123370989,GOLD,SELL,0.01,0.0,2026-01-08 13:42:20,CLOSED,4419.72,2026-01-08 13:42:20,1.09,0.0,0.0,
123369058,GOLD,BUY,0.01,0.0,2026-01-08 13:32:34,CLOSED,4421.59,2026-01-08 13:32:34,-3.21,0.0,0.0,
123367997,GOLD,BUY,0.01,0.0,2026-01-08 13:32:29,CLOSED,4422.22,2026-01-08 13:32:29,-4.43,0.0,0.0,
123367206,GOLD,BUY,0.01,0.0,2026-01-08 13:32:24,CLOSED,4422.94,2026-01-08 13:32:24,-5.52,0.0,0.0,
123367018,GOLD,BUY,0.01,0.0,2026-01-08 13:32:18,CLOSED,4423.23,2026-01-08 13:32:18,-7.19,0.0,0.0,
123362140,GOLD,SELL,0.01,0.0,2026-01-08 13:04:57,CLOSED,4430.56,2026-01-08 13:04:57,9.48,0.0,0.0,
123362139,GOLD,SELL,0.01,0.0,2026-01-08 13:04:52,CLOSED,4430.54,2026-01-08 13:04:52,9.5,0.0,0.0,
123361479,GOLD,SELL,0.01,0.0,2026-01-08 13:04:46,CLOSED,4430.55,2026-01-08 13:04:46,11.5,0.0,0.0,
123361478,GOLD,SELL,0.01,0.0,2026-01-08 13:04:41,CLOSED,4430.91,2026-01-08 13:04:41,11.14,0.0,0.0,
123360720,GOLD,BUY,0.01,0.0,2026-01-08 11:33:37,CLOSED,4444.45,2026-01-08 11:33:37,-0.53,0.0,0.0,
123360563,GOLD,SELL,0.01,0.0,2026-01-08 11:32:02,CLOSED,4445.0,2026-01-08 11:32:02,-0.77,0.0,0.0,
123360562,GOLD,SELL,0.01,0.0,2026-01-08 11:31:56,CLOSED,4444.97,2026-01-08 11:31:56,-0.74,0.0,0.0,
123360124,GOLD,SELL,0.01,0.0,2026-01-08 11:31:50,CLOSED,4444.97,2026-01-08 11:31:50,-1.58,0.0,0.0,
123359950,GOLD,SELL,0.01,0.0,2026-01-08 11:26:25,CLOSED,4445.55,2026-01-08 11:26:25,-2.43,0.0,0.0,
123359594,GOLD,SELL,0.01,0.0,2026-01-08 11:26:25,CLOSED,4445.55,2026-01-08 11:26:25,-6.96,0.0,0.0,
123359265,GOLD,BUY,0.01,0.0,2026-01-08 11:18:39,CLOSED,4439.31,2026-01-08 11:18:39,-0.15,0.0,0.0,
123359121,GOLD,SELL,0.01,0.0,2026-01-08 11:16:17,CLOSED,4439.24,2026-01-08 11:16:17,3.36,0.0,0.0,
123359120,GOLD,SELL,0.01,0.0,2026-01-08 11:16:12,CLOSED,4439.98,2026-01-08 11:16:12,2.62,0.0,0.0,
123356902,GOLD,BUY,0.01,0.0,2026-01-08 11:12:11,CLOSED,4445.78,2026-01-08 11:12:11,4.55,0.0,0.0,
123356775,GOLD,SELL,0.01,0.0,2026-01-08 11:01:19,CLOSED,4442.1,2026-01-08 11:01:19,-0.73,0.0,0.0,
123356774,GOLD,SELL,0.01,0.0,2026-01-08 11:01:14,CLOSED,4442.4,2026-01-08 11:01:14,-1.03,0.0,0.0,
123356532,GOLD,BUY,0.01,0.0,2026-01-08 11:12:06,CLOSED,4445.13,2026-01-08 11:12:06,3.91,0.0,0.0,
123355917,GOLD,BUY,0.01,0.0,2026-01-08 10:54:35,CLOSED,4442.62,2026-01-08 10:54:35,4.08,0.0,0.0,
123355133,GOLD,SELL,0.01,0.0,2026-01-08 10:49:19,CLOSED,4438.85,2026-01-08 10:49:19,3.34,0.0,0.0,
123355132,GOLD,SELL,0.01,0.0,2026-01-08 10:49:14,CLOSED,4438.14,2026-01-08 10:49:14,4.05,0.0,0.0,
123354942,GOLD,BUY,0.01,0.0,2026-01-08 10:54:30,CLOSED,4443.44,2026-01-08 10:54:30,2.13,0.0,0.0,
123353235,GOLD,SELL,0.01,0.0,2026-01-08 10:40:18,CLOSED,4439.61,2026-01-08 10:40:18,1.32,0.0,0.0,
123353234,GOLD,SELL,0.01,0.0,2026-01-08 10:40:18,CLOSED,4439.61,2026-01-08 10:40:18,1.32,0.0,0.0,
123352443,GOLD,BUY,0.01,0.0,2026-01-08 10:30:00,CLOSED,4439.28,2026-01-08 10:30:00,-7.22,0.0,0.0,
123352442,GOLD,BUY,0.01,0.0,2026-01-08 10:30:00,CLOSED,4439.28,2026-01-08 10:30:00,-7.22,0.0,0.0,
123351161,GOLD,BUY,0.01,0.0,2026-01-08 10:04:53,CLOSED,4442.61,2026-01-08 10:04:53,-5.96,0.0,0.0,
123351160,GOLD,BUY,0.01,0.0,2026-01-08 10:04:53,CLOSED,4442.61,2026-01-08 10:04:53,-5.96,0.0,0.0,
123349767,GOLD,BUY,0.01,0.0,2026-01-08 09:55:04,CLOSED,4441.56,2026-01-08 09:55:04,-6.24,0.0,0.0,
123349766,GOLD,BUY,0.01,0.0,2026-01-08 09:55:04,CLOSED,4441.56,2026-01-08 09:55:04,-6.24,0.0,0.0,
123348319,GOLD,BUY,0.01,0.0,2026-01-08 09:41:25,CLOSED,4449.2,2026-01-08 09:41:25,-6.0,0.0,0.0,
123348318,GOLD,BUY,0.01,0.0,2026-01-08 09:41:25,CLOSED,4449.2,2026-01-08 09:41:25,-6.0,0.0,0.0,
123346835,GOLD,SELL,0.01,0.0,2026-01-08 09:46:03,CLOSED,4445.26,2026-01-08 09:46:03,12.12,0.0,0.0,
123346834,GOLD,SELL,0.01,0.0,2026-01-08 09:46:03,CLOSED,4445.26,2026-01-08 09:46:03,12.12,0.0,0.0,
123342391,GOLD,BUY,0.01,0.0,2026-01-08 08:47:25,CLOSED,4449.73,2026-01-08 08:47:25,-5.2,0.0,0.0,
123342224,GOLD,BUY,0.01,0.0,2026-01-08 08:45:07,CLOSED,4449.49,2026-01-08 08:45:07,-8.35,0.0,0.0,
123342112,GOLD,SELL,0.01,0.0,2026-01-08 08:33:16,CLOSED,4457.47,2026-01-08 08:33:16,0.5,0.0,0.0,
123341563,GOLD,SELL,0.01,0.0,2026-01-08 08:33:11,CLOSED,4457.74,2026-01-08 08:33:11,-2.01,0.0,0.0,
123314444,GOLD,BUY,0.01,0.0,2026-01-08 03:17:48,CLOSED,4446.66,2026-01-08 03:17:48,-7.85,0.0,0.0,
123313485,GOLD,SELL,0.01,0.0,2026-01-08 03:06:22,CLOSED,4454.69,2026-01-08 03:06:22,-3.45,0.0,0.0,
123313214,GOLD,BUY,0.01,0.0,2026-01-08 02:57:42,CLOSED,4451.46,2026-01-08 02:57:42,-1.15,0.0,0.0,
123312861,GOLD,SELL,0.01,0.0,2026-01-08 02:55:08,CLOSED,4452.56,2026-01-08 02:55:08,-0.8,0.0,0.0,
123311703,GOLD,BUY,0.01,0.0,2026-01-08 02:52:31,CLOSED,4452.13,2026-01-08 02:52:31,-5.82,0.0,0.0,
123310109,GOLD,BUY,0.01,0.0,2026-01-08 02:40:33,CLOSED,4458.32,2026-01-08 02:40:33,3.64,0.0,0.0,
123309359,GOLD,BUY,0.01,0.0,2026-01-08 02:30:59,CLOSED,4455.29,2026-01-08 02:30:59,0.69,0.0,0.0,
123301965,GOLD,BUY,0.01,0.0,2026-01-08 02:26:09,CLOSED,4455.0,2026-01-08 02:26:09,-4.65,0.0,0.0,
123301166,GOLD,SELL,0.01,0.0,2026-01-08 01:34:43,CLOSED,4459.79,2026-01-08 01:34:43,-1.33,0.0,0.0,
123295122,GOLD,BUY,0.01,0.0,2026-01-08 01:28:58,CLOSED,4458.01,2026-01-08 01:28:58,-9.85,0.0,0.0,
123285253,GOLD,BUY,0.01,0.0,2026-01-08 00:22:03,CLOSED,4455.0,2026-01-08 00:22:03,9.23,0.0,0.0,
123280601,GOLD,SELL,0.01,0.0,2026-01-08 00:07:23,CLOSED,4445.8,2026-01-08 00:07:23,-3.07,0.0,0.0,
123279328,GOLD,BUY,0.01,0.0,2026-01-07 23:44:18,CLOSED,4443.63,2026-01-07 23:44:18,-4.51,0.0,0.0,
123277692,GOLD,SELL,0.01,0.0,2026-01-07 23:39:40,CLOSED,4447.31,2026-01-07 23:39:40,1.73,0.0,0.0,
123276712,GOLD,BUY,0.01,0.0,2026-01-07 23:35:03,CLOSED,4448.84,2026-01-07 23:35:03,0.32,0.0,0.0,
123274616,GOLD,SELL,0.01,0.0,2026-01-07 23:32:21,CLOSED,4448.25,2026-01-07 23:32:21,-13.82,0.0,0.0,
123273855,GOLD,SELL,0.01,0.0,2026-01-07 23:32:15,CLOSED,4447.71,2026-01-07 23:32:15,-18.13,0.0,0.0,
123272956,GOLD,SELL,0.01,0.0,2026-01-07 23:32:09,CLOSED,4447.21,2026-01-07 23:32:09,-17.32,0.0,0.0,
123271903,GOLD,SELL,0.01,0.0,2026-01-07 23:32:03,CLOSED,4446.27,2026-01-07 23:32:03,-21.68,0.0,0.0,
123270194,GOLD,SELL,0.01,0.0,2026-01-07 23:16:29,CLOSED,4425.0,2026-01-07 23:16:29,1.17,0.0,0.0,
123268944,GOLD,SELL,0.01,0.0,2026-01-07 23:14:52,CLOSED,4428.0,2026-01-07 23:14:52,3.6,0.0,0.0,
123267479,GOLD,BUY,0.01,0.0,2026-01-07 23:12:06,CLOSED,4431.71,2026-01-07 23:12:06,-8.12,0.0,0.0,
123267465,GOLD,BUY,0.01,0.0,2026-01-07 23:12:06,CLOSED,4431.71,2026-01-07 23:12:06,-9.71,0.0,0.0,
123261454,GOLD,BUY,0.01,0.0,2026-01-07 22:54:01,CLOSED,4447.55,2026-01-07 22:54:01,4.02,0.0,0.0,
123261067,GOLD,BUY,0.01,0.0,2026-01-07 22:53:55,CLOSED,4447.43,2026-01-07 22:53:55,6.23,0.0,0.0,
123260459,GOLD,BUY,0.01,0.0,2026-01-07 22:53:49,CLOSED,4446.76,2026-01-07 22:53:49,3.2800000000000002,0.0,0.0,
123259796,GOLD,SELL,0.01,0.0,2026-01-07 22:46:36,CLOSED,4443.54,2026-01-07 22:46:36,0.46,0.0,0.0,
123259355,GOLD,SELL,0.01,0.0,2026-01-07 22:46:30,CLOSED,4442.33,2026-01-07 22:46:30,-1.69,0.0,0.0,
123258417,GOLD,SELL,0.01,0.0,2026-01-07 22:46:25,CLOSED,4442.24,2026-01-07 22:46:25,-0.88,0.0,0.0,
123252562,GOLD,BUY,0.01,0.0,2026-01-07 22:24:36,CLOSED,4448.0,2026-01-07 22:24:36,2.37,0.0,0.0,
123252147,GOLD,BUY,0.01,0.0,2026-01-07 22:30:53,CLOSED,4448.92,2026-01-07 22:30:53,2.35,0.0,0.0,
123251766,GOLD,BUY,0.01,0.0,2026-01-07 22:30:00,CLOSED,4442.0,2026-01-07 22:30:00,-8.65,0.0,0.0,
123251435,GOLD,SELL,0.01,0.0,2026-01-07 22:18:55,CLOSED,4450.45,2026-01-07 22:18:55,-0.94,0.0,0.0,
123250945,GOLD,SELL,0.01,0.0,2026-01-07 22:18:49,CLOSED,4450.41,2026-01-07 22:18:49,-1.62,0.0,0.0,
123250629,GOLD,SELL,0.01,0.0,2026-01-07 22:18:44,CLOSED,4450.68,2026-01-07 22:18:44,-1.6400000000000001,0.0,0.0,
123250303,GOLD,SELL,0.01,0.0,2026-01-07 22:18:39,CLOSED,4450.92,2026-01-07 22:18:39,-1.77,0.0,0.0,
123249898,GOLD,SELL,0.01,0.0,2026-01-07 22:18:34,CLOSED,4449.6,2026-01-07 22:18:34,2.61,0.0,0.0,
123249319,GOLD,BUY,0.01,0.0,2026-01-07 22:07:27,CLOSED,4451.48,2026-01-07 22:07:27,-1.25,0.0,0.0,
123248722,GOLD,BUY,0.01,0.0,2026-01-07 22:07:22,CLOSED,4451.2,2026-01-07 22:07:22,-1.13,0.0,0.0,
123248210,GOLD,BUY,0.01,0.0,2026-01-07 22:07:17,CLOSED,4450.84,2026-01-07 22:07:17,-2.06,0.0,0.0,
123247256,GOLD,BUY,0.01,0.0,2026-01-07 22:30:11,CLOSED,4443.42,2026-01-07 22:30:11,2.0,0.0,0.0,
123247234,GOLD,BUY,0.01,0.0,2026-01-07 22:23:14,CLOSED,4446.14,2026-01-07 22:23:14,2.5,0.0,0.0,
123247226,GOLD,BUY,0.01,0.0,2026-01-07 22:07:12,CLOSED,4450.54,2026-01-07 22:07:12,2.36,0.0,0.0,
123246197,GOLD,BUY,0.01,0.0,2026-01-07 21:51:02,CLOSED,4447.91,2026-01-07 21:51:02,-1.24,0.0,0.0,
123245653,GOLD,BUY,0.01,0.0,2026-01-07 21:50:57,CLOSED,4447.45,2026-01-07 21:50:57,1.07,0.0,0.0,
123245216,GOLD,BUY,0.01,0.0,2026-01-07 21:50:53,CLOSED,4447.41,2026-01-07 21:50:53,-1.69,0.0,0.0,
123244392,GOLD,BUY,0.01,0.0,2026-01-07 21:50:48,CLOSED,4446.74,2026-01-07 21:50:48,1.18,0.0,0.0,
123243836,GOLD,SELL,0.01,0.0,2026-01-07 21:41:46,CLOSED,4444.67,2026-01-07 21:41:46,-1.95,0.0,0.0,
123243384,GOLD,SELL,0.01,0.0,2026-01-07 21:41:41,CLOSED,4444.34,2026-01-07 21:41:41,-4.1,0.0,0.0,
123242788,GOLD,SELL,0.01,0.0,2026-01-07 21:41:36,CLOSED,4444.39,2026-01-07 21:41:36,-0.98,0.0,0.0,
123242343,GOLD,SELL,0.01,0.0,2026-01-07 21:41:31,CLOSED,4445.51,2026-01-07 21:41:31,-3.11,0.0,0.0,
123241805,GOLD,SELL,0.01,0.0,2026-01-07 21:41:26,CLOSED,4446.23,2026-01-07 21:41:26,-1.49,0.0,0.0,
123241256,GOLD,SELL,0.01,0.0,2026-01-07 21:41:21,CLOSED,4446.7,2026-01-07 21:41:21,-0.98,0.0,0.0,
123240620,GOLD,BUY,0.01,0.0,2026-01-07 21:28:33,CLOSED,4446.08,2026-01-07 21:28:33,2.86,0.0,0.0,
123239372,GOLD,SELL,0.01,0.0,2026-01-07 21:26:07,CLOSED,4443.42,2026-01-07 21:26:07,-7.59,0.0,0.0,
123238720,GOLD,SELL,0.01,0.0,2026-01-07 21:26:02,CLOSED,4443.76,2026-01-07 21:26:02,-9.01,0.0,0.0,
123238044,GOLD,SELL,0.01,0.0,2026-01-07 21:25:56,CLOSED,4443.4,2026-01-07 21:25:56,-6.54,0.0,0.0,
123237489,AUDCAD,BUY,0.01,0.0,2026-01-07 22:41:30,CLOSED,0.93027,2026-01-07 22:41:30,0.35,0.0,0.0,
123236973,GOLD,SELL,0.01,0.0,2026-01-07 21:25:52,CLOSED,4443.46,2026-01-07 21:25:52,-10.99,0.0,0.0,
123236238,GOLD,SELL,0.01,0.0,2026-01-07 21:25:47,CLOSED,4443.25,2026-01-07 21:25:47,-8.05,0.0,0.0,
123233284,GOLD,SELL,0.01,0.0,2026-01-07 21:08:16,CLOSED,4438.59,2026-01-07 21:08:16,0.41,0.0,0.0,
123232457,GOLD,SELL,0.01,0.0,2026-01-07 21:08:09,CLOSED,4439.21,2026-01-07 21:08:09,6.28,0.0,0.0,
123232006,GOLD,SELL,0.01,0.0,2026-01-07 21:07:55,CLOSED,4439.48,2026-01-07 21:07:55,8.77,0.0,0.0,
123231455,GOLD,SELL,0.01,0.0,2026-01-07 21:07:42,CLOSED,4439.61,2026-01-07 21:07:42,6.57,0.0,0.0,
123231143,GOLD,SELL,0.01,0.0,2026-01-07 21:07:29,CLOSED,4438.6,2026-01-07 21:07:29,9.99,0.0,0.0,
123230893,GOLD,SELL,0.01,0.0,2026-01-07 21:07:19,CLOSED,4438.58,2026-01-07 21:07:19,9.81,0.0,0.0,
123230525,GOLD,BUY,0.01,0.0,2026-01-07 20:54:56,CLOSED,4449.0,2026-01-07 20:54:56,-3.58,0.0,0.0,
123230306,GOLD,BUY,0.01,0.0,2026-01-07 20:54:51,CLOSED,4449.02,2026-01-07 20:54:51,-4.79,0.0,0.0,
123229571,GOLD,SELL,0.01,0.0,2026-01-07 20:50:00,CLOSED,4453.43,2026-01-07 20:50:00,-2.03,0.0,0.0,
123229081,GOLD,SELL,0.01,0.0,2026-01-07 20:49:55,CLOSED,4453.4,2026-01-07 20:49:55,-2.96,0.0,0.0,
123228573,GOLD,SELL,0.01,0.0,2026-01-07 20:49:50,CLOSED,4453.23,2026-01-07 20:49:50,0.33,0.0,0.0,
123227846,GOLD,SELL,0.01,0.0,2026-01-07 20:49:44,CLOSED,4453.36,2026-01-07 20:49:44,1.06,0.0,0.0,
123227400,GOLD,SELL,0.01,0.0,2026-01-07 20:49:38,CLOSED,4453.29,2026-01-07 20:49:38,-0.67,0.0,0.0,
123226775,GOLD,SELL,0.01,0.0,2026-01-07 20:49:33,CLOSED,4453.48,2026-01-07 20:49:33,-3.71,0.0,0.0,
123226433,GOLD,BUY,0.01,0.0,2026-01-07 20:29:42,CLOSED,4449.83,2026-01-07 20:29:42,1.88,0.0,0.0,
123225555,GOLD,BUY,0.01,0.0,2026-01-07 20:29:37,CLOSED,4450.54,2026-01-07 20:29:37,3.12,0.0,0.0,
123224745,GOLD,BUY,0.01,0.0,2026-01-07 20:29:32,CLOSED,4450.37,2026-01-07 20:29:32,3.65,0.0,0.0,
123223731,GOLD,BUY,0.01,0.0,2026-01-07 20:29:27,CLOSED,4449.41,2026-01-07 20:29:27,7.8100000000000005,0.0,0.0,
123222734,GOLD,SELL,0.01,0.0,2026-01-07 20:18:52,CLOSED,4443.08,2026-01-07 20:18:52,4.33,0.0,0.0,
123221725,GOLD,SELL,0.01,0.0,2026-01-07 20:18:47,CLOSED,4443.21,2026-01-07 20:18:47,1.1400000000000001,0.0,0.0,
123221312,GOLD,SELL,0.01,0.0,2026-01-07 20:11:27,CLOSED,4444.84,2026-01-07 20:11:27,0.68,0.0,0.0,
123218955,GOLD,SELL,0.01,0.0,2026-01-07 20:09:28,CLOSED,4446.44,2026-01-07 20:09:28,1.0,0.0,0.0,
123216131,GOLD,SELL,0.01,0.0,2026-01-07 20:09:28,CLOSED,4446.44,2026-01-07 20:09:28,5.07,0.0,0.0,
123215820,GOLD,SELL,0.01,0.0,2026-01-07 20:09:28,CLOSED,4446.44,2026-01-07 20:09:28,7.37,0.0,0.0,
123215196,GOLD,SELL,0.01,0.0,2026-01-07 20:09:28,CLOSED,4446.44,2026-01-07 20:09:28,6.61,0.0,0.0,
123214765,GOLD,SELL,0.01,0.0,2026-01-07 20:09:28,CLOSED,4446.44,2026-01-07 20:09:28,6.95,0.0,0.0,
123214214,GOLD,BUY,0.01,0.0,2026-01-07 19:34:59,CLOSED,4455.0,2026-01-07 19:34:59,-2.17,0.0,0.0,
123214049,GOLD,SELL,0.01,0.0,2026-01-07 19:33:44,CLOSED,4457.37,2026-01-07 19:33:44,0.86,0.0,0.0,
123213852,GOLD,SELL,0.01,0.0,2026-01-07 19:33:39,CLOSED,4457.83,2026-01-07 19:33:39,1.43,0.0,0.0,
123213657,GOLD,SELL,0.01,0.0,2026-01-07 19:33:34,CLOSED,4457.83,2026-01-07 19:33:34,0.87,0.0,0.0,
123213014,GOLD,BUY,0.01,0.0,2026-01-07 19:27:54,CLOSED,4458.92,2026-01-07 19:27:54,-0.34,0.0,0.0,
123212726,GOLD,BUY,0.01,0.0,2026-01-07 19:27:49,CLOSED,4458.42,2026-01-07 19:27:49,-3.0,0.0,0.0,
123212448,GOLD,BUY,0.01,0.0,2026-01-07 19:27:44,CLOSED,4458.39,2026-01-07 19:27:44,-5.25,0.0,0.0,
123212276,GOLD,SELL,0.01,0.0,2026-01-07 19:19:02,CLOSED,4463.54,2026-01-07 19:19:02,-1.0,0.0,0.0,
123212095,GOLD,SELL,0.01,0.0,2026-01-07 19:18:57,CLOSED,4463.47,2026-01-07 19:18:57,-1.43,0.0,0.0,
123211925,GOLD,SELL,0.01,0.0,2026-01-07 19:18:52,CLOSED,4463.7,2026-01-07 19:18:52,-2.14,0.0,0.0,
123211766,GOLD,SELL,0.01,0.0,2026-01-07 19:18:47,CLOSED,4463.24,2026-01-07 19:18:47,-0.47,0.0,0.0,
123211532,GOLD,BUY,0.01,0.0,2026-01-07 19:09:33,CLOSED,4462.64,2026-01-07 19:09:33,-0.29,0.0,0.0,
123211251,GOLD,SELL,0.01,0.0,2026-01-07 19:06:57,CLOSED,4463.15,2026-01-07 19:06:57,0.27,0.0,0.0,
123210988,GOLD,SELL,0.01,0.0,2026-01-07 19:06:51,CLOSED,4463.2,2026-01-07 19:06:51,-0.1,0.0,0.0,
123210828,GOLD,SELL,0.01,0.0,2026-01-07 19:06:46,CLOSED,4463.21,2026-01-07 19:06:46,1.23,0.0,0.0,
123210649,GOLD,SELL,0.01,0.0,2026-01-07 19:06:41,CLOSED,4463.55,2026-01-07 19:06:41,0.41,0.0,0.0,
123210418,GOLD,BUY,0.01,0.0,2026-01-07 18:57:54,CLOSED,4464.4,2026-01-07 18:57:54,-0.6,0.0,0.0,
123210038,GOLD,SELL,0.01,0.0,2026-01-07 18:55:18,CLOSED,4464.98,2026-01-07 18:55:18,1.03,0.0,0.0,
123209357,GOLD,BUY,0.01,0.0,2026-01-07 18:50:02,CLOSED,4466.31,2026-01-07 18:50:02,0.21,0.0,0.0,
123209253,GOLD,BUY,0.01,0.0,2026-01-07 18:49:57,CLOSED,4466.46,2026-01-07 18:49:57,0.65,0.0,0.0,
123209023,GOLD,BUY,0.01,0.0,2026-01-07 18:49:52,CLOSED,4466.42,2026-01-07 18:49:52,-0.6,0.0,0.0,
123206498,GOLD,BUY,0.01,0.0,2026-01-07 18:49:47,CLOSED,4466.53,2026-01-07 18:49:47,3.38,0.0,0.0,
123205920,AUDNZD,BUY,0.01,0.0,2026-01-07 20:09:28,CLOSED,1.16333,2026-01-07 20:09:28,-0.26,0.0,0.0,
123202530,GOLD,BUY,0.01,0.0,2026-01-07 18:20:50,CLOSED,4464.76,2026-01-07 18:20:50,0.61,0.0,0.0,
123202026,GOLD,BUY,0.01,0.0,2026-01-07 18:20:50,CLOSED,4464.76,2026-01-07 18:20:50,2.16,0.0,0.0,
123201636,GOLD,BUY,0.01,0.0,2026-01-07 18:20:50,CLOSED,4464.76,2026-01-07 18:20:50,-0.54,0.0,0.0,
123200467,GOLD,SELL,0.01,0.0,2026-01-07 17:54:44,CLOSED,4465.12,2026-01-07 17:54:44,-3.64,0.0,0.0,
123200043,GOLD,SELL,0.01,0.0,2026-01-07 17:54:39,CLOSED,4465.4,2026-01-07 17:54:39,-1.55,0.0,0.0,
123199526,GOLD,SELL,0.01,0.0,2026-01-07 17:54:34,CLOSED,4465.61,2026-01-07 17:54:34,-3.43,0.0,0.0,
123199102,GOLD,SELL,0.01,0.0,2026-01-07 17:54:29,CLOSED,4465.25,2026-01-07 17:54:29,-1.04,0.0,0.0,
123198629,GOLD,SELL,0.01,0.0,2026-01-07 17:20:40,CLOSED,4465.23,2026-01-07 17:20:40,2.03,0.0,0.0,
123198489,GOLD,SELL,0.01,0.0,2026-01-07 17:54:24,CLOSED,4465.23,2026-01-07 17:54:24,-0.65,0.0,0.0,
123197714,GOLD,BUY,0.01,0.0,2026-01-07 17:18:18,CLOSED,4464.73,2026-01-07 17:18:18,-1.9,0.0,0.0,
123196629,GOLD,BUY,0.01,0.0,2026-01-07 17:10:48,CLOSED,4463.45,2026-01-07 17:10:48,1.44,0.0,0.0,
123196318,GOLD,BUY,0.01,0.0,2026-01-07 17:18:11,CLOSED,4464.67,2026-01-07 17:18:11,0.24,0.0,0.0,
123195884,GOLD,BUY,0.01,0.0,2026-01-07 17:18:05,CLOSED,4464.98,2026-01-07 17:18:05,-0.01,0.0,0.0,
123194854,GOLD,BUY,0.01,0.0,2026-01-07 17:17:59,CLOSED,4465.01,2026-01-07 17:17:59,-3.76,0.0,0.0,
123194064,GOLD,BUY,0.01,0.0,2026-01-07 17:07:29,CLOSED,4462.0,2026-01-07 17:07:29,-6.76,0.0,0.0,
123193412,GOLD,SELL,0.01,0.0,2026-01-07 16:53:38,CLOSED,4468.9,2026-01-07 16:53:38,-0.29,0.0,0.0,
123191867,GOLD,BUY,0.01,0.0,2026-01-07 16:42:32,CLOSED,4474.63,2026-01-07 16:42:32,2.91,0.0,0.0,
123190886,GOLD,BUY,0.01,0.0,2026-01-07 16:39:03,CLOSED,4471.68,2026-01-07 16:39:03,3.43,0.0,0.0,
123190246,GOLD,SELL,0.01,0.0,2026-01-07 16:35:57,CLOSED,4468.19,2026-01-07 16:35:57,-2.91,0.0,0.0,
123189558,GOLD,SELL,0.01,0.0,2026-01-07 16:35:52,CLOSED,4468.46,2026-01-07 16:35:52,-2.69,0.0,0.0,
123188902,GOLD,BUY,0.01,0.0,2026-01-07 16:23:53,CLOSED,4466.13,2026-01-07 16:23:53,-1.22,0.0,0.0,
123188035,GOLD,BUY,0.01,0.0,2026-01-07 16:14:04,CLOSED,4464.8,2026-01-07 16:14:04,1.6400000000000001,0.0,0.0,
123187701,GOLD,BUY,0.01,0.0,2026-01-07 16:23:48,CLOSED,4466.17,2026-01-07 16:23:48,0.52,0.0,0.0,
123186668,GOLD,BUY,0.01,0.0,2026-01-07 16:08:30,CLOSED,4463.58,2026-01-07 16:08:30,1.98,0.0,0.0,
123186417,GOLD,BUY,0.01,0.0,2026-01-07 16:23:43,CLOSED,4465.94,2026-01-07 16:23:43,1.88,0.0,0.0,
123185206,GOLD,BUY,0.01,0.0,2026-01-07 16:23:38,CLOSED,4465.89,2026-01-07 16:23:38,3.99,0.0,0.0,
123182815,GOLD,BUY,0.01,0.0,2026-01-07 15:47:28,CLOSED,4463.83,2026-01-07 15:47:28,1.11,0.0,0.0,
123181493,GOLD,BUY,0.01,0.0,2026-01-07 15:47:22,CLOSED,4464.23,2026-01-07 15:47:22,5.14,0.0,0.0,
123180248,GOLD,SELL,0.01,0.0,2026-01-07 15:38:46,CLOSED,4459.5,2026-01-07 15:38:46,-4.22,0.0,0.0,
123179533,GOLD,SELL,0.01,0.0,2026-01-07 15:38:46,CLOSED,4459.42,2026-01-07 15:38:46,-4.64,0.0,0.0,
123178918,GOLD,SELL,0.01,0.0,2026-01-07 15:38:46,CLOSED,4459.41,2026-01-07 15:38:46,-6.77,0.0,0.0,
123178290,GOLD,SELL,0.01,0.0,2026-01-07 15:38:46,CLOSED,4459.37,2026-01-07 15:38:46,-9.7,0.0,0.0,
123170678,GOLD,SELL,0.01,0.0,2026-01-07 14:32:25,CLOSED,4452.33,2026-01-07 14:32:25,3.01,0.0,0.0,
123168814,GOLD,SELL,0.01,0.0,2026-01-07 14:24:39,CLOSED,4455.39,2026-01-07 14:24:39,4.23,0.0,0.0,
123167090,GOLD,SELL,0.01,0.0,2026-01-07 14:24:34,CLOSED,4455.1,2026-01-07 14:24:34,1.34,0.0,0.0,
123165553,GOLD,BUY,0.01,0.0,2026-01-07 13:59:27,CLOSED,4453.59,2026-01-07 13:59:27,4.93,0.0,0.0,
123165542,GOLD,BUY,0.01,0.0,2026-01-07 13:59:21,CLOSED,4452.28,2026-01-07 13:59:21,3.76,0.0,0.0,
123165535,GOLD,BUY,0.01,0.0,2026-01-07 13:59:16,CLOSED,4452.41,2026-01-07 13:59:16,3.54,0.0,0.0,
123165525,GOLD,BUY,0.01,0.0,2026-01-07 13:59:10,CLOSED,4452.5,2026-01-07 13:59:10,3.9,0.0,0.0,
123163231,GOLD,BUY,0.01,0.0,2026-01-07 13:48:10,CLOSED,4445.31,2026-01-07 13:48:10,-7.93,0.0,0.0,
123162312,GOLD,SELL,0.01,0.0,2026-01-07 13:36:19,CLOSED,4456.18,2026-01-07 13:36:19,-1.95,0.0,0.0,
123157364,GOLD,SELL,0.01,0.0,2026-01-07 13:36:14,CLOSED,4456.69,2026-01-07 13:36:14,8.81,0.0,0.0,
123157197,GOLD,SELL,0.01,0.0,2026-01-07 13:36:09,CLOSED,4456.04,2026-01-07 13:36:09,6.51,0.0,0.0,
123154496,GOLD,SELL,0.01,0.0,2026-01-07 13:36:04,CLOSED,4455.17,2026-01-07 13:36:04,11.53,0.0,0.0,
123154020,GOLD,SELL,0.01,0.0,2026-01-07 12:38:54,CLOSED,4464.92,2026-01-07 12:38:54,3.04,0.0,0.0,
123153359,GOLD,SELL,0.01,0.0,2026-01-07 12:32:11,CLOSED,4464.15,2026-01-07 12:32:11,2.23,0.0,0.0,
123152774,GOLD,SELL,0.01,0.0,2026-01-07 12:32:07,CLOSED,4464.79,2026-01-07 12:32:07,3.95,0.0,0.0,
123151184,GOLD,SELL,0.01,0.0,2026-01-07 12:15:19,CLOSED,4470.74,2026-01-07 12:15:19,1.04,0.0,0.0,
123149804,GOLD,BUY,0.01,0.0,2026-01-07 11:59:42,CLOSED,4474.69,2026-01-07 11:59:42,-1.6800000000000002,0.0,0.0,
123149799,GOLD,BUY,0.01,0.0,2026-01-07 11:59:37,CLOSED,4473.81,2026-01-07 11:59:37,-2.5,0.0,0.0,
123149792,GOLD,BUY,0.01,0.0,2026-01-07 11:59:32,CLOSED,4473.97,2026-01-07 11:59:32,-2.26,0.0,0.0,
123148986,GOLD,BUY,0.01,0.0,2026-01-07 11:48:01,CLOSED,4477.65,2026-01-07 11:48:01,0.58,0.0,0.0,
123148984,GOLD,BUY,0.01,0.0,2026-01-07 11:47:56,CLOSED,4477.66,2026-01-07 11:47:56,0.55,0.0,0.0,
123148977,GOLD,BUY,0.01,0.0,2026-01-07 11:47:50,CLOSED,4477.82,2026-01-07 11:47:50,0.35,0.0,0.0,
123148548,AUDNZD,SELL,0.01,0.0,2026-01-07 16:16:02,CLOSED,1.16568,2026-01-07 16:16:02,0.57,0.0,0.0,
123147758,GOLD,BUY,0.01,0.0,2026-01-07 11:29:24,CLOSED,4476.37,2026-01-07 11:29:24,-2.49,0.0,0.0,
123146759,GOLD,BUY,0.01,0.0,2026-01-07 11:29:18,CLOSED,4476.29,2026-01-07 11:29:18,0.5,0.0,0.0,
123146743,GOLD,BUY,0.01,0.0,2026-01-07 11:29:13,CLOSED,4476.42,2026-01-07 11:29:13,0.94,0.0,0.0,
123146734,GOLD,BUY,0.01,0.0,2026-01-07 11:29:08,CLOSED,4476.48,2026-01-07 11:29:08,0.65,0.0,0.0,
123146148,GOLD,BUY,0.01,0.0,2026-01-07 11:05:52,CLOSED,4474.96,2026-01-07 11:05:52,1.22,0.0,0.0,
123145498,GOLD,BUY,0.01,0.0,2026-01-07 11:05:47,CLOSED,4475.15,2026-01-07 11:05:47,-1.55,0.0,0.0,
123137572,AUDCAD,SELL,0.01,0.0,2026-01-07 18:20:50,CLOSED,0.93093,2026-01-07 18:20:50,0.75,0.0,0.0,
123127817,GOLD,BUY,0.01,0.0,2026-01-07 09:20:25,CLOSED,4471.69,2026-01-07 09:20:25,-9.75,0.0,0.0,
123125438,GOLD,BUY,0.01,0.0,2026-01-07 09:03:03,CLOSED,4481.89,2026-01-07 09:03:03,-5.43,0.0,0.0,
123125125,GOLD,BUY,0.01,0.0,2026-01-07 09:03:03,CLOSED,4481.89,2026-01-07 09:03:03,-8.72,0.0,0.0,
123124738,GOLD,BUY,0.01,0.0,2026-01-07 09:03:03,CLOSED,4481.89,2026-01-07 09:03:03,-7.79,0.0,0.0,
123122876,GOLD,BUY,0.01,0.0,2026-01-07 09:03:03,CLOSED,4481.89,2026-01-07 09:03:03,-10.92,0.0,0.0,
123117212,GOLD,BUY,0.01,0.0,2026-01-07 08:20:07,CLOSED,4490.56,2026-01-07 08:20:07,-8.21,0.0,0.0,
123115992,GOLD,BUY,0.01,0.0,2026-01-07 08:20:02,CLOSED,4490.58,2026-01-07 08:20:02,-7.97,0.0,0.0,
123115397,GOLD,BUY,0.01,0.0,2026-01-07 08:19:57,CLOSED,4490.53,2026-01-07 08:19:57,-5.6,0.0,0.0,
123114649,GOLD,BUY,0.01,0.0,2026-01-07 08:19:51,CLOSED,4490.59,2026-01-07 08:19:51,-8.28,0.0,0.0,
123111819,GOLD,BUY,0.01,0.0,2026-01-07 08:19:47,CLOSED,4490.53,2026-01-07 08:19:47,-4.45,0.0,0.0,
123111459,GOLD,BUY,0.01,0.0,2026-01-07 08:19:42,CLOSED,4490.47,2026-01-07 08:19:42,-7.35,0.0,0.0,
123109947,GOLD,BUY,0.01,0.0,2026-01-07 05:35:07,CLOSED,4496.13,2026-01-07 05:35:07,3.07,0.0,0.0,
123108767,GOLD,BUY,0.01,0.0,2026-01-07 05:35:02,CLOSED,4496.24,2026-01-07 05:35:02,3.2,0.0,0.0,
123103457,GOLD,BUY,0.01,0.0,2026-01-07 04:36:36,CLOSED,4485.64,2026-01-07 04:36:36,-1.35,0.0,0.0,
123102165,GOLD,BUY,0.01,0.0,2026-01-07 04:13:17,CLOSED,4485.72,2026-01-07 04:13:17,2.4,0.0,0.0,
123100766,GOLD,BUY,0.01,0.0,2026-01-07 04:13:12,CLOSED,4485.7,2026-01-07 04:13:12,3.58,0.0,0.0,
123095476,GOLD,BUY,0.01,0.0,2026-01-07 03:40:24,CLOSED,4483.07,2026-01-07 03:40:24,-1.35,0.0,0.0,
123093661,GOLD,BUY,0.01,0.0,2026-01-07 03:40:19,CLOSED,4483.0,2026-01-07 03:40:19,-7.43,0.0,0.0,
123091348,GOLD,BUY,0.01,0.0,2026-01-07 03:40:13,CLOSED,4482.99,2026-01-07 03:40:13,-2.31,0.0,0.0,
123090098,GOLD,BUY,0.01,0.0,2026-01-07 03:39:46,CLOSED,4482.11,2026-01-07 03:39:46,-3.98,0.0,0.0,
123088974,GOLD,BUY,0.01,0.0,2026-01-07 03:36:46,CLOSED,4480.97,2026-01-07 03:36:46,-10.53,0.0,0.0,
123086022,GOLD,BUY,0.01,0.0,2026-01-07 02:17:38,CLOSED,4492.76,2026-01-07 02:17:38,3.9,0.0,0.0,
123083060,GOLD,BUY,0.01,0.0,2026-01-07 01:56:16,CLOSED,4490.36,2026-01-07 01:56:16,4.02,0.0,0.0,
123081247,GOLD,BUY,0.01,0.0,2026-01-07 01:56:11,CLOSED,4490.81,2026-01-07 01:56:11,6.89,0.0,0.0,
123079676,GOLD,BUY,0.01,0.0,2026-01-07 01:56:05,CLOSED,4490.96,2026-01-07 01:56:05,1.53,0.0,0.0,
123077535,GOLD,BUY,0.01,0.0,2026-01-07 01:55:38,CLOSED,4491.1,2026-01-07 01:55:38,2.55,0.0,0.0,
123075318,GOLD,BUY,0.01,0.0,2026-01-07 01:16:00,CLOSED,4489.41,2026-01-07 01:16:00,1.85,0.0,0.0,
123072594,GOLD,BUY,0.01,0.0,2026-01-07 01:15:54,CLOSED,4489.97,2026-01-07 01:15:54,3.7199999999999998,0.0,0.0,
123061427,AUDCAD,SELL,0.01,0.0,2026-01-07 08:22:39,CLOSED,0.93112,2026-01-07 08:22:39,-2.5999999999999996,0.0,0.0,
123061185,AUDNZD,SELL,0.01,0.0,2026-01-07 08:22:39,CLOSED,1.16505,2026-01-07 08:22:39,-0.24000000000000002,0.0,0.0,
123037469,GOLD,SELL,0.01,0.0,2026-01-06 23:02:09,CLOSED,4486.71,2026-01-06 23:02:09,2.5,0.0,0.0,
123027456,GOLD,SELL,0.01,0.0,2026-01-06 22:42:58,CLOSED,4478.73,2026-01-06 22:42:58,3.24,0.0,0.0,
123025068,GOLD,SELL,0.01,0.0,2026-01-06 22:42:53,CLOSED,4479.01,2026-01-06 22:42:53,-2.35,0.0,0.0,
123022974,GOLD,SELL,0.01,0.0,2026-01-06 22:42:48,CLOSED,4478.86,2026-01-06 22:42:48,-8.26,0.0,0.0,
123008252,GOLD,SELL,0.01,0.0,2026-01-06 22:08:21,CLOSED,4471.5,2026-01-06 22:08:21,-6.6,0.0,0.0,
123001434,AUDNZD,SELL,0.01,0.0,2026-01-07 08:22:39,CLOSED,1.16505,2026-01-07 08:22:39,-2.21,0.0,0.0,
122990591,GOLD,SELL,0.01,0.0,2026-01-06 20:27:36,CLOSED,4465.49,2026-01-06 20:27:36,-0.59,0.0,0.0,
122988459,GOLD,SELL,0.01,0.0,2026-01-06 20:27:32,CLOSED,4465.43,2026-01-06 20:27:32,-1.9300000000000002,0.0,0.0,
122982333,GOLD,SELL,0.01,0.0,2026-01-06 19:27:02,CLOSED,4452.92,2026-01-06 19:27:02,-0.21,0.0,0.0,
122975992,GOLD,SELL,0.01,0.0,2026-01-06 19:26:56,CLOSED,4452.95,2026-01-06 19:26:56,-4.55,0.0,0.0,
122972937,GOLD,SELL,0.01,0.0,2026-01-06 18:02:50,CLOSED,4445.09,2026-01-06 18:02:50,5.59,0.0,0.0,
122972359,GOLD,SELL,0.01,0.0,2026-01-06 18:02:46,CLOSED,4445.17,2026-01-06 18:02:46,2.89,0.0,0.0,
122957110,EURUSD,SELL,0.01,0.0,2026-01-06 17:25:37,CLOSED,1.17119,2026-01-06 17:25:37,1.47,0.0,0.0,
122957025,EURUSD,SELL,0.01,0.0,2026-01-06 19:44:53,CLOSED,1.17092,2026-01-06 19:44:53,1.79,0.0,0.0,
122950720,GOLD,SELL,0.01,0.0,2026-01-06 16:27:13,CLOSED,4474.21,2026-01-06 16:27:13,-11.8,0.0,0.0,
122917958,AUDCAD,SELL,0.01,0.0,2026-01-06 18:22:53,CLOSED,0.92469,2026-01-06 18:22:53,0.67,0.0,0.0,
122907340,GOLD,SELL,0.01,0.0,2026-01-06 11:23:15,CLOSED,4464.95,2026-01-06 11:23:15,-0.05,0.0,0.0,
122906919,GOLD,SELL,0.01,0.0,2026-01-06 11:23:10,CLOSED,4464.89,2026-01-06 11:23:10,-3.88,0.0,0.0,
122904226,GOLD,SELL,0.01,0.0,2026-01-06 11:23:05,CLOSED,4465.31,2026-01-06 11:23:05,-8.83,0.0,0.0,
122896361,GOLD,SELL,0.01,0.0,2026-01-06 10:05:56,CLOSED,4452.04,2026-01-06 10:05:56,-1.19,0.0,0.0,
122896360,GOLD,SELL,0.01,0.0,2026-01-06 10:05:51,CLOSED,4452.39,2026-01-06 10:05:51,-1.54,0.0,0.0,
122890048,GOLD,SELL,0.01,0.0,2026-01-06 09:24:29,CLOSED,4436.15,2026-01-06 09:24:29,3.03,0.0,0.0,
122861847,GOLD,SELL,0.01,0.0,2026-01-06 05:35:57,CLOSED,4447.6,2026-01-06 05:35:57,-2.75,0.0,0.0,
122857039,GOLD,SELL,0.01,0.0,2026-01-06 05:35:52,CLOSED,4447.48,2026-01-06 05:35:52,0.02,0.0,0.0,
122851803,GOLD,SELL,0.01,0.0,2026-01-06 03:06:12,CLOSED,4443.87,2026-01-06 03:06:12,3.44,0.0,0.0,
122780222,GOLD,SELL,0.01,0.0,2026-01-05 22:46:04,CLOSED,4432.9,2026-01-05 22:46:04,-11.88,0.0,0.0,
122644411,GOLD,BUY,0.01,0.0,2026-01-05 09:46:00,CLOSED,4406.57,2026-01-05 09:46:00,2.68,0.0,0.0,
122588053,GOLD,SELL,0.01,0.0,2026-01-03 05:08:24,CLOSED,4328.79,2026-01-03 05:08:24,-7.5,0.0,0.0,
122586746,GOLD,SELL,0.01,0.0,2026-01-03 05:08:20,CLOSED,4328.75,2026-01-03 05:08:20,-8.34,0.0,0.0,
122585106,GOLD,SELL,0.01,0.0,2026-01-03 05:08:16,CLOSED,4328.74,2026-01-03 05:08:16,-9.11,0.0,0.0,
122583097,GOLD,SELL,0.01,0.0,2026-01-03 05:08:12,CLOSED,4328.51,2026-01-03 05:08:12,-15.64,0.0,0.0,
122580914,GOLD,SELL,0.01,0.0,2026-01-03 02:41:24,CLOSED,4313.5,2026-01-03 02:41:24,3.44,0.0,0.0,
122563587,GOLD,BUY,0.01,0.0,2026-01-03 01:04:04,CLOSED,4331.42,2026-01-03 01:04:04,6.58,0.0,0.0,
122547591,GOLD,BUY,0.01,0.0,2026-01-03 01:03:59,CLOSED,4331.15,2026-01-03 01:03:59,-11.18,0.0,0.0,
122540749,GOLD,SELL,0.01,0.0,2026-01-02 23:25:49,CLOSED,4336.36,2026-01-02 23:25:49,-0.17,0.0,0.0,
122535128,GOLD,SELL,0.01,0.0,2026-01-02 23:11:59,CLOSED,4336.36,2026-01-02 23:11:59,-0.02,0.0,0.0,
122530464,GOLD,SELL,0.01,0.0,2026-01-02 23:04:35,CLOSED,4349.76,2026-01-02 23:04:35,2.05,0.0,0.0,
122530463,GOLD,SELL,0.01,0.0,2026-01-02 23:04:38,CLOSED,4350.74,2026-01-02 23:04:38,1.07,0.0,0.0,
122515654,GOLD,BUY,0.01,0.0,2026-01-02 23:04:56,CLOSED,4344.38,2026-01-02 23:04:56,-26.62,0.0,0.0,
122515653,GOLD,BUY,0.01,0.0,2026-01-02 23:04:56,CLOSED,4346.16,2026-01-02 23:04:56,-24.84,0.0,0.0,
122515652,GOLD,BUY,0.01,0.0,2026-01-02 23:04:54,CLOSED,4346.23,2026-01-02 23:04:54,-24.77,0.0,0.0,
122515651,GOLD,BUY,0.01,0.0,2026-01-02 22:42:46,CLOSED,4348.08,2026-01-02 22:42:46,-23.01,0.0,0.0,
122515649,GOLD,BUY,0.01,0.0,2026-01-02 23:04:49,CLOSED,4347.24,2026-01-02 23:04:49,-23.81,0.0,0.0,
122515648,GOLD,BUY,0.01,0.0,2026-01-02 23:04:05,CLOSED,4345.97,2026-01-02 23:04:05,-25.08,0.0,0.0,
122515581,GOLD,BUY,0.01,0.0,2026-01-02 23:04:57,CLOSED,4343.56,2026-01-02 23:04:57,-26.43,0.0,0.0,
122515540,GOLD,BUY,0.01,0.0,2026-01-02 22:42:15,CLOSED,4348.41,2026-01-02 22:42:15,-22.75,0.0,0.0,
122490429,GOLD,BUY,0.01,0.0,2026-01-02 20:37:53,CLOSED,4392.01,2026-01-02 20:37:53,-5.6899999999999995,0.0,0.0,
122490428,GOLD,BUY,0.01,0.0,2026-01-02 20:37:48,CLOSED,4392.05,2026-01-02 20:37:48,-5.65,0.0,0.0,
122490426,GOLD,BUY,0.01,0.0,2026-01-02 20:37:44,CLOSED,4391.99,2026-01-02 20:37:44,-5.71,0.0,0.0,
122490425,GOLD,BUY,0.01,0.0,2026-01-02 20:37:40,CLOSED,4391.98,2026-01-02 20:37:40,-5.71,0.0,0.0,
122490424,GOLD,BUY,0.01,0.0,2026-01-02 20:37:35,CLOSED,4392.09,2026-01-02 20:37:35,-5.61,0.0,0.0,
122490423,GOLD,BUY,0.01,0.0,2026-01-02 20:37:31,CLOSED,4392.25,2026-01-02 20:37:31,-5.47,0.0,0.0,
122490422,GOLD,BUY,0.01,0.0,2026-01-02 20:37:27,CLOSED,4392.63,2026-01-02 20:37:27,-5.08,0.0,0.0,
122490421,GOLD,BUY,0.01,0.0,2026-01-02 20:37:22,CLOSED,4392.29,2026-01-02 20:37:22,-5.46,0.0,0.0,
122490420,GOLD,BUY,0.01,0.0,2026-01-02 20:37:18,CLOSED,4392.66,2026-01-02 20:37:18,-5.09,0.0,0.0,
122490336,GOLD,BUY,0.01,0.0,2026-01-02 20:37:14,CLOSED,4392.47,2026-01-02 20:37:14,-5.33,0.0,0.0,
122489947,GOLD,BUY,0.01,0.0,2026-01-02 20:37:09,CLOSED,4392.44,2026-01-02 20:37:09,-4.9,0.0,0.0,
122478067,GOLD,BUY,0.01,0.0,2026-01-02 17:21:47,CLOSED,4384.42,2026-01-02 17:21:47,-4.64,0.0,0.0,
122475651,USDCHF,BUY,0.01,0.0,2026-01-02 23:05:04,CLOSED,0.79166,2026-01-02 23:05:04,-2.27,0.0,0.0,
122458871,GOLD,BUY,0.01,0.0,2026-01-02 14:55:43,CLOSED,4373.76,2026-01-02 14:55:43,-2.22,0.0,0.0,
122457876,GOLD,BUY,0.01,0.0,2026-01-02 14:55:39,CLOSED,4373.96,2026-01-02 14:55:39,-3.93,0.0,0.0,
122440847,GOLD,SELL,0.01,0.0,2026-01-02 10:50:10,CLOSED,4357.35,2026-01-02 10:50:10,-6.05,0.0,0.0,
122440846,GOLD,SELL,0.01,0.0,2026-01-02 10:50:10,CLOSED,4357.35,2026-01-02 10:50:10,-6.05,0.0,0.0,
122439910,GOLD,SELL,0.01,0.0,2026-01-02 10:48:06,CLOSED,4353.73,2026-01-02 10:48:06,-6.0,0.0,0.0,
122439909,GOLD,SELL,0.01,0.0,2026-01-02 10:48:06,CLOSED,4353.73,2026-01-02 10:48:06,-6.0,0.0,0.0,
122439026,GOLD,SELL,0.01,0.0,2026-01-02 10:36:43,CLOSED,4352.91,2026-01-02 10:36:43,-6.0,0.0,0.0,
122439025,GOLD,SELL,0.01,0.0,2026-01-02 10:36:43,CLOSED,4352.91,2026-01-02 10:36:43,-6.0,0.0,0.0,
122438016,GOLD,SELL,0.01,0.0,2026-01-02 10:48:25,CLOSED,4353.94,2026-01-02 10:48:25,-5.97,0.0,0.0,
122438015,GOLD,SELL,0.01,0.0,2026-01-02 10:48:25,CLOSED,4353.94,2026-01-02 10:48:25,-5.97,0.0,0.0,
122437001,GOLD,SELL,0.01,0.0,2026-01-02 09:50:06,CLOSED,4352.72,2026-01-02 09:50:06,-6.04,0.0,0.0,
122437000,GOLD,SELL,0.01,0.0,2026-01-02 09:50:06,CLOSED,4352.72,2026-01-02 09:50:06,-6.04,0.0,0.0,
122436188,GOLD,SELL,0.01,0.0,2026-01-02 10:48:43,CLOSED,4355.23,2026-01-02 10:48:43,-6.16,0.0,0.0,
122436187,GOLD,SELL,0.01,0.0,2026-01-02 10:48:43,CLOSED,4355.23,2026-01-02 10:48:43,-6.16,0.0,0.0,
122435207,GOLD,BUY,0.01,0.0,2026-01-02 10:51:47,CLOSED,4358.77,2026-01-02 10:51:47,11.67,0.0,0.0,
122435206,GOLD,BUY,0.01,0.0,2026-01-02 10:51:47,CLOSED,4358.77,2026-01-02 10:51:47,11.67,0.0,0.0,
122416484,GOLD,SELL,0.01,0.0,2026-01-01 05:15:36,CLOSED,4311.45,2026-01-01 05:15:36,2.21,0.0,0.0,
122398370,GOLD,SELL,0.01,0.0,2026-01-01 03:36:41,CLOSED,4310.5,2026-01-01 03:36:41,11.64,0.0,0.0,
122397308,GOLD,SELL,0.01,0.0,2026-01-01 00:53:42,CLOSED,4323.41,2026-01-01 00:53:42,-4.01,0.0,0.0,
122393307,GOLD,BUY,0.01,0.0,2026-01-01 00:37:50,CLOSED,4322.76,2026-01-01 00:37:50,-3.22,0.0,0.0,
122384968,GOLD,BUY,0.01,0.0,2025-12-31 23:40:08,CLOSED,4332.5,2025-12-31 23:40:08,-5.25,0.0,0.0,
122383048,GOLD,SELL,0.02,0.0,2025-12-31 23:28:07,CLOSED,4337.5,2025-12-31 23:28:07,-4.0,0.0,0.0,
122378266,GOLD,BUY,0.01,0.0,2025-12-31 23:18:18,CLOSED,4333.51,2025-12-31 23:18:18,-1.78,0.0,0.0,
122370648,GOLD,SELL,0.01,0.0,2025-12-31 22:40:02,CLOSED,4335.8,2025-12-31 22:40:02,3.52,0.0,0.0,
122364736,GOLD,BUY,0.01,0.0,2025-12-31 22:26:33,CLOSED,4335.48,2025-12-31 22:26:33,-1.43,0.0,0.0,
122358022,GOLD,SELL,0.01,0.0,2025-12-31 21:55:25,CLOSED,4346.48,2025-12-31 21:55:25,-5.4,0.0,0.0,
122339545,GOLD,BUY,0.01,0.0,2025-12-31 19:35:13,CLOSED,4310.3,2025-12-31 19:35:13,-5.31,0.0,0.0,
122338944,GOLD,SELL,0.14,0.0,2025-12-31 19:15:56,CLOSED,4315.5,2025-12-31 19:15:56,-17.22,0.0,0.0,
122318620,GOLD,SELL,0.01,0.0,2025-12-31 16:43:19,CLOSED,4320.15,2025-12-31 16:43:19,1.35,0.0,0.0,
122313912,GOLD,SELL,0.01,0.0,2025-12-31 16:17:48,CLOSED,4325.07,2025-12-31 16:17:48,0.82,0.0,0.0,
122298995,GOLD,SELL,0.01,0.0,2025-12-31 14:04:07,CLOSED,4287.52,2025-12-31 14:04:07,-4.05,0.0,0.0,
122297902,GOLD,SELL,0.01,0.0,2025-12-31 14:00:59,CLOSED,4287.44,2025-12-31 14:00:59,1.9,0.0,0.0,
122294195,GOLD,BUY,0.02,0.0,2025-12-31 13:51:05,CLOSED,4301.06,2025-12-31 13:51:05,-18.94,0.0,0.0,
122288569,GOLD,BUY,0.01,0.0,2025-12-31 13:25:58,CLOSED,4340.0,2025-12-31 13:25:58,7.75,0.0,0.0,
122288101,GOLD,BUY,0.01,0.0,2025-12-31 13:08:58,CLOSED,4332.84,2025-12-31 13:08:58,1.5,0.0,0.0,
122287881,GOLD,BUY,0.01,0.0,2025-12-31 13:40:31,CLOSED,4322.94,2025-12-31 13:40:31,-5.16,0.0,0.0,
122283948,GOLD,SELL,0.01,0.0,2025-12-31 12:48:22,CLOSED,4344.76,2025-12-31 12:48:22,3.7,0.0,0.0,
122283947,GOLD,SELL,0.01,0.0,2025-12-31 12:48:17,CLOSED,4344.52,2025-12-31 12:48:17,3.94,0.0,0.0,
122283170,GOLD,SELL,0.01,0.0,2025-12-31 12:48:13,CLOSED,4344.58,2025-12-31 12:48:13,4.12,0.0,0.0,
122283169,GOLD,SELL,0.01,0.0,2025-12-31 12:48:08,CLOSED,4344.53,2025-12-31 12:48:08,4.17,0.0,0.0,
122282432,GOLD,SELL,0.01,0.0,2025-12-31 12:48:03,CLOSED,4344.25,2025-12-31 12:48:03,7.76,0.0,0.0,
122282431,GOLD,SELL,0.01,0.0,2025-12-31 12:47:59,CLOSED,4344.39,2025-12-31 12:47:59,7.62,0.0,0.0,
122281349,GOLD,SELL,0.01,0.0,2025-12-31 12:47:54,CLOSED,4343.68,2025-12-31 12:47:54,5.43,0.0,0.0,
122281348,GOLD,SELL,0.01,0.0,2025-12-31 12:47:50,CLOSED,4343.54,2025-12-31 12:47:50,5.57,0.0,0.0,
122279430,GOLD,SELL,0.01,0.0,2025-12-31 11:22:00,CLOSED,4347.58,2025-12-31 11:22:00,11.98,0.0,0.0,
122279429,GOLD,SELL,0.01,0.0,2025-12-31 11:22:00,CLOSED,4347.58,2025-12-31 11:22:00,11.98,0.0,0.0,
122277606,GOLD,BUY,0.01,0.0,2025-12-31 11:23:23,CLOSED,4343.01,2025-12-31 11:23:23,-5.97,0.0,0.0,
122277604,GOLD,BUY,0.01,0.0,2025-12-31 11:23:23,CLOSED,4343.01,2025-12-31 11:23:23,-5.97,0.0,0.0,
122271648,GOLD,BUY,0.01,0.0,2025-12-31 10:21:55,CLOSED,4360.42,2025-12-31 10:21:55,-6.23,0.0,0.0,
122271647,GOLD,BUY,0.01,0.0,2025-12-31 10:21:55,CLOSED,4360.42,2025-12-31 10:21:55,-6.23,0.0,0.0,
122261008,GOLD,SELL,0.01,0.0,2025-12-31 08:47:23,CLOSED,4341.3,2025-12-31 08:47:23,1.2,0.0,0.0,
122259553,GOLD,SELL,0.01,0.0,2025-12-31 09:38:57,CLOSED,4367.36,2025-12-31 09:38:57,-16.9,0.0,0.0,
122258537,GOLD,SELL,0.01,0.0,2025-12-31 07:37:56,CLOSED,4342.24,2025-12-31 07:37:56,-8.18,0.0,0.0,
122256386,GOLD,SELL,0.01,0.0,2025-12-31 07:29:38,CLOSED,4332.96,2025-12-31 07:29:38,13.45,0.0,0.0,
122247004,GOLD,SELL,0.01,0.0,2025-12-31 05:55:19,CLOSED,4336.62,2025-12-31 05:55:19,13.88,0.0,0.0,
122241261,GOLD,BUY,0.01,0.0,2025-12-31 03:38:14,CLOSED,4360.04,2025-12-31 03:38:14,-6.09,0.0,0.0,
122241260,GOLD,BUY,0.01,0.0,2025-12-31 03:38:14,CLOSED,4360.04,2025-12-31 03:38:14,-6.09,0.0,0.0,
122240435,GOLD,SELL,0.01,0.0,2025-12-31 03:47:33,CLOSED,4354.59,2025-12-31 03:47:33,12.01,0.0,0.0,
122240434,GOLD,SELL,0.01,0.0,2025-12-31 03:47:33,CLOSED,4354.59,2025-12-31 03:47:33,12.01,0.0,0.0,
122239242,GOLD,SELL,0.01,0.0,2025-12-31 03:48:04,CLOSED,4352.87,2025-12-31 03:48:04,12.07,0.0,0.0,
122239241,GOLD,SELL,0.01,0.0,2025-12-31 03:48:04,CLOSED,4352.87,2025-12-31 03:48:04,12.07,0.0,0.0,
122238150,GOLD,BUY,0.01,0.0,2025-12-31 03:47:33,CLOSED,4354.08,2025-12-31 03:47:33,-9.42,0.0,0.0,
122228345,GOLD,BUY,0.01,0.0,2025-12-31 02:02:53,CLOSED,4371.62,2025-12-31 02:02:53,-0.27,0.0,0.0,
122226473,GOLD,BUY,0.01,0.0,2025-12-31 02:02:49,CLOSED,4371.37,2025-12-31 02:02:49,-1.13,0.0,0.0,
122221792,GOLD,SELL,0.01,0.0,2025-12-31 00:58:33,CLOSED,4378.36,2025-12-31 00:58:33,-9.46,0.0,0.0,
122221791,GOLD,SELL,0.01,0.0,2025-12-31 00:58:33,CLOSED,4378.36,2025-12-31 00:58:33,-9.46,0.0,0.0,
122216779,GOLD,SELL,0.01,0.0,2025-12-31 00:58:33,CLOSED,4378.36,2025-12-31 00:58:33,-15.84,0.0,0.0,
122216775,GOLD,SELL,0.01,0.0,2025-12-31 00:58:33,CLOSED,4378.36,2025-12-31 00:58:33,-15.64,0.0,0.0,
122216764,GOLD,SELL,0.01,0.0,2025-12-31 00:58:33,CLOSED,4378.36,2025-12-31 00:58:33,-15.96,0.0,0.0,
122216756,GOLD,SELL,0.01,0.0,2025-12-31 00:58:33,CLOSED,4378.36,2025-12-31 00:58:33,-15.42,0.0,0.0,
122216747,GOLD,SELL,0.01,0.0,2025-12-31 00:58:33,CLOSED,4378.36,2025-12-31 00:58:33,-15.3,0.0,0.0,
122215959,GOLD,SELL,0.01,0.0,2025-12-31 00:58:33,CLOSED,4378.36,2025-12-31 00:58:33,-13.37,0.0,0.0,
122215958,GOLD,SELL,0.01,0.0,2025-12-31 00:58:33,CLOSED,4378.36,2025-12-31 00:58:33,-13.37,0.0,0.0,
122209460,GOLD,SELL,0.01,0.0,2025-12-31 00:58:33,CLOSED,4378.36,2025-12-31 00:58:33,-12.08,0.0,0.0,
122209459,GOLD,SELL,0.01,0.0,2025-12-31 00:58:33,CLOSED,4378.36,2025-12-31 00:58:33,-12.08,0.0,0.0,
122206887,GOLD,SELL,0.01,0.0,2025-12-31 00:58:33,CLOSED,4378.36,2025-12-31 00:58:33,-6.85,0.0,0.0,
122205949,GOLD,SELL,0.01,0.0,2025-12-30 23:15:53,CLOSED,4371.77,2025-12-30 23:15:53,-2.27,0.0,0.0,
122205948,GOLD,SELL,0.01,0.0,2025-12-30 23:15:53,CLOSED,4371.77,2025-12-30 23:15:53,-2.27,0.0,0.0,
122201984,GOLD,SELL,0.01,0.0,2025-12-30 23:06:30,CLOSED,4372.06,2025-12-30 23:06:30,-6.15,0.0,0.0,
122201981,GOLD,SELL,0.01,0.0,2025-12-30 23:06:30,CLOSED,4372.06,2025-12-30 23:06:30,-6.15,0.0,0.0,
122196341,GOLD,BUY,0.01,0.0,2025-12-30 22:45:52,CLOSED,4365.27,2025-12-30 22:45:52,-5.85,0.0,0.0,
122196340,GOLD,BUY,0.01,0.0,2025-12-30 22:45:52,CLOSED,4365.27,2025-12-30 22:45:52,-5.85,0.0,0.0,
122186186,GOLD,SELL,0.01,0.0,2025-12-30 22:40:47,CLOSED,4368.85,2025-12-30 22:40:47,22.82,0.0,0.0,
122172137,GOLD,SELL,0.01,0.0,2025-12-30 21:16:23,CLOSED,4397.2,2025-12-30 21:16:23,5.3,0.0,0.0,
122169269,GOLD,SELL,0.01,0.0,2025-12-30 21:50:37,CLOSED,4382.1,2025-12-30 21:50:37,9.44,0.0,0.0,
122166353,GOLD,SELL,0.01,0.0,2025-12-30 21:50:37,CLOSED,4382.1,2025-12-30 21:50:37,9.44,0.0,0.0,
122161025,GOLD,SELL,0.01,0.0,2025-12-30 20:17:02,CLOSED,4398.01,2025-12-30 20:17:02,-11.23,0.0,0.0,
122160589,GOLD,SELL,0.01,0.0,2025-12-30 20:16:58,CLOSED,4397.63,2025-12-30 20:16:58,-7.78,0.0,0.0,
122143581,GOLD,BUY,0.01,0.0,2025-12-30 18:30:12,CLOSED,4384.23,2025-12-30 18:30:12,12.07,0.0,0.0,
122143580,GOLD,BUY,0.01,0.0,2025-12-30 18:30:12,CLOSED,4384.23,2025-12-30 18:30:12,12.07,0.0,0.0,
122142457,GOLD,BUY,0.01,0.0,2025-12-30 18:26:49,CLOSED,4380.43,2025-12-30 18:26:49,12.04,0.0,0.0,
122142456,GOLD,BUY,0.01,0.0,2025-12-30 18:26:49,CLOSED,4380.43,2025-12-30 18:26:49,12.04,0.0,0.0,
122141079,GOLD,BUY,0.01,0.0,2025-12-30 17:31:38,CLOSED,4368.01,2025-12-30 17:31:38,-0.66,0.0,0.0,
122141078,GOLD,BUY,0.01,0.0,2025-12-30 17:31:34,CLOSED,4368.2,2025-12-30 17:31:34,-0.47,0.0,0.0,
122140407,GOLD,BUY,0.01,0.0,2025-12-30 17:31:30,CLOSED,4368.35,2025-12-30 17:31:30,-2.56,0.0,0.0,
122138890,GOLD,BUY,0.01,0.0,2025-12-30 17:31:26,CLOSED,4368.08,2025-12-30 17:31:26,-5.16,0.0,0.0,
122138889,GOLD,BUY,0.01,0.0,2025-12-30 17:31:22,CLOSED,4368.22,2025-12-30 17:31:22,-5.02,0.0,0.0,
122134173,GOLD,BUY,0.01,0.0,2025-12-30 17:10:03,CLOSED,4371.18,2025-12-30 17:10:03,12.11,0.0,0.0,
122134172,GOLD,BUY,0.01,0.0,2025-12-30 17:10:03,CLOSED,4371.18,2025-12-30 17:10:03,12.11,0.0,0.0,
122130493,USDCHF,BUY,0.01,0.0,2025-12-30 22:52:02,CLOSED,0.79019,2025-12-30 22:52:02,1.08,0.0,0.0,
122125488,GOLD,BUY,0.01,0.0,2025-12-30 16:21:23,CLOSED,4362.42,2025-12-30 16:21:23,-5.42,0.0,0.0,
122124779,GOLD,BUY,0.01,0.0,2025-12-30 16:21:23,CLOSED,4362.5,2025-12-30 16:21:23,-8.26,0.0,0.0,
122124732,GOLD,BUY,0.01,0.0,2025-12-30 16:21:23,CLOSED,4362.53,2025-12-30 16:21:23,-8.05,0.0,0.0,
122120032,GOLD,BUY,0.01,0.0,2025-12-30 15:49:33,CLOSED,4380.5,2025-12-30 15:49:33,11.97,0.0,0.0,
122120031,GOLD,BUY,0.01,0.0,2025-12-30 15:49:33,CLOSED,4380.5,2025-12-30 15:49:33,11.97,0.0,0.0,
122118144,GOLD,BUY,0.01,0.0,2025-12-30 15:49:34,CLOSED,4380.81,2025-12-30 15:49:34,11.74,0.0,0.0,
122118143,GOLD,BUY,0.01,0.0,2025-12-30 15:49:34,CLOSED,4380.81,2025-12-30 15:49:34,11.74,0.0,0.0,
122116475,GOLD,BUY,0.01,0.0,2025-12-30 15:39:43,CLOSED,4374.29,2025-12-30 15:39:43,9.52,0.0,0.0,
122116474,GOLD,BUY,0.01,0.0,2025-12-30 15:39:43,CLOSED,4374.32,2025-12-30 15:39:43,9.55,0.0,0.0,
122116408,GOLD,BUY,0.01,0.0,2025-12-30 15:39:43,CLOSED,4374.34,2025-12-30 15:39:43,10.4,0.0,0.0,
122114929,GOLD,BUY,0.01,0.0,2025-12-30 15:39:43,CLOSED,4374.34,2025-12-30 15:39:43,11.96,0.0,0.0,
122114928,GOLD,BUY,0.01,0.0,2025-12-30 15:39:43,CLOSED,4374.34,2025-12-30 15:39:43,11.96,0.0,0.0,
122112015,GOLD,BUY,0.01,0.0,2025-12-30 14:32:11,CLOSED,4368.35,2025-12-30 14:32:11,1.29,0.0,0.0,
122112014,GOLD,BUY,0.01,0.0,2025-12-30 14:32:11,CLOSED,4368.35,2025-12-30 14:32:11,1.29,0.0,0.0,
122107007,GOLD,SELL,0.01,0.0,2025-12-30 14:32:11,CLOSED,4368.5,2025-12-30 14:32:11,10.5,0.0,0.0,
122098562,GOLD,BUY,0.01,0.0,2025-12-30 13:33:22,CLOSED,4376.99,2025-12-30 13:33:22,13.74,0.0,0.0,
122081885,GOLD,SELL,0.01,0.0,2025-12-30 09:45:59,CLOSED,4348.33,2025-12-30 09:45:59,-4.52,0.0,0.0,
122041442,GOLD,BUY,0.01,0.0,2025-12-30 04:06:00,CLOSED,4343.94,2025-12-30 04:06:00,20.52,0.0,0.0,
122038528,GOLD,SELL,0.01,0.0,2025-12-30 07:47:12,CLOSED,4341.02,2025-12-30 07:47:12,1.75,0.0,0.0,
122035142,GOLD,SELL,0.01,0.0,2025-12-30 10:16:16,CLOSED,4353.79,2025-12-30 10:16:16,5.7,0.0,0.0,
122032410,GOLD,SELL,0.01,0.0,2025-12-30 10:00:00,CLOSED,4360.66,2025-12-30 10:00:00,-1.94,0.0,0.0,
122029435,GOLD,SELL,0.01,0.0,2025-12-30 10:16:12,CLOSED,4353.55,2025-12-30 10:16:12,5.22,0.0,0.0,
122026862,GOLD,SELL,0.01,0.0,2025-12-30 10:16:07,CLOSED,4353.44,2025-12-30 10:16:07,6.99,0.0,0.0,
121996550,GOLD,BUY,0.01,0.0,2025-12-29 23:00:04,CLOSED,4351.8,2025-12-29 23:00:04,-22.2,0.0,0.0,
121955198,GOLD,SELL,0.01,0.0,2025-12-29 21:32:21,CLOSED,4453.23,2025-12-29 21:32:21,10.27,0.0,0.0,
121952495,GOLD,SELL,0.01,0.0,2025-12-29 21:32:18,CLOSED,4454.07,2025-12-29 21:32:18,12.43,0.0,0.0,
121950106,GOLD,SELL,0.01,0.0,2025-12-29 21:32:14,CLOSED,4453.79,2025-12-29 21:32:14,13.75,0.0,0.0,
121927621,GOLD,BUY,0.01,0.0,2025-12-29 18:48:53,CLOSED,4462.84,2025-12-29 18:48:53,-9.03,0.0,0.0,
121926772,GBPCHF,BUY,0.01,0.0,2025-12-29 20:00:40,CLOSED,1.06585,2025-12-29 20:00:40,2.86,0.0,0.0,
121918175,GOLD,BUY,0.01,0.0,2025-12-29 17:46:11,CLOSED,4472.54,2025-12-29 17:46:11,11.96,0.0,0.0,
121903114,GOLD,BUY,0.01,0.0,2025-12-29 15:46:26,CLOSED,4473.96,2025-12-29 15:46:26,-1.7,0.0,0.0,
121891116,GOLD,BUY,0.01,0.0,2025-12-29 15:00:06,CLOSED,4459.1,2025-12-29 15:00:06,-17.19,0.0,0.0,
121880961,GOLD,SELL,0.01,0.0,2025-12-29 14:28:18,CLOSED,4494.14,2025-12-29 14:28:18,11.9,0.0,0.0,
121880960,GOLD,SELL,0.01,0.0,2025-12-29 14:28:18,CLOSED,4494.14,2025-12-29 14:28:18,11.9,0.0,0.0,
121859264,GOLD,BUY,0.01,0.0,2025-12-29 11:35:04,CLOSED,4519.93,2025-12-29 11:35:04,9.88,0.0,0.0,
121859095,GOLD,BUY,0.01,0.0,2025-12-29 11:35:04,CLOSED,4519.51,2025-12-29 11:35:04,6.27,0.0,0.0,
121853612,GOLD,SELL,0.01,0.0,2025-12-29 10:33:50,CLOSED,4514.42,2025-12-29 10:33:50,-9.57,0.0,0.0,
121850941,GOLD,SELL,0.01,0.0,2025-12-29 10:33:46,CLOSED,4514.61,2025-12-29 10:33:46,-8.43,0.0,0.0,
121849469,GOLD,SELL,0.01,0.0,2025-12-29 10:00:31,CLOSED,4502.11,2025-12-29 10:00:31,3.5,0.0,0.0,
121815953,GOLD,SELL,0.01,0.0,2025-12-29 07:57:15,CLOSED,4529.78,2025-12-29 07:57:15,2.66,0.0,0.0,
121815952,GOLD,SELL,0.01,0.0,2025-12-29 07:57:15,CLOSED,4529.89,2025-12-29 07:57:15,2.55,0.0,0.0,
121814136,GOLD,SELL,0.01,0.0,2025-12-29 07:51:41,CLOSED,4528.62,2025-12-29 07:51:41,8.68,0.0,0.0,
121792702,GOLD,BUY,0.01,0.0,2025-12-29 07:05:00,CLOSED,4535.78,2025-12-29 07:05:00,2.8400000000000003,0.0,0.0,
121779356,GOLD,BUY,0.01,0.0,2025-12-27 03:11:20,CLOSED,4531.47,2025-12-27 03:11:20,4.06,0.0,0.0,
121771556,GOLD,SELL,0.01,0.0,2025-12-27 01:57:29,CLOSED,4516.9,2025-12-27 01:57:29,-3.05,0.0,0.0,
121770248,GOLD,BUY,0.01,0.0,2025-12-27 01:54:02,CLOSED,4516.03,2025-12-27 01:54:02,-4.68,0.0,0.0,
121763822,GOLD,SELL,0.01,0.0,2025-12-27 01:16:40,CLOSED,4524.04,2025-12-27 01:16:40,0.83,0.0,0.0,
121758788,GOLD,BUY,0.01,0.0,2025-12-27 01:13:34,CLOSED,4532.08,2025-12-27 01:13:34,-1.15,0.0,0.0,
121748080,GOLD,SELL,0.01,0.0,2025-12-27 00:13:35,CLOSED,4536.8,2025-12-27 00:13:35,6.13,0.0,0.0,
121719418,GOLD,SELL,0.01,0.0,2025-12-26 22:52:19,CLOSED,4514.49,2025-12-26 22:52:19,10.22,0.0,0.0,
121714992,GOLD,BUY,0.01,0.0,2025-12-26 22:02:18,CLOSED,4525.4,2025-12-26 22:02:18,4.22,0.0,0.0,
121705518,GOLD,SELL,0.01,0.0,2025-12-26 21:14:50,CLOSED,4515.28,2025-12-26 21:14:50,-2.04,0.0,0.0,
121703282,GOLD,SELL,0.01,0.0,2025-12-26 21:37:28,CLOSED,4523.6,2025-12-26 21:37:28,-13.33,0.0,0.0,
121698759,GOLD,SELL,0.01,0.0,2025-12-26 21:32:07,CLOSED,4522.94,2025-12-26 21:32:07,-7.44,0.0,0.0,
121696401,GOLD,BUY,0.01,0.0,2025-12-26 19:51:01,CLOSED,4506.16,2025-12-26 19:51:01,1.51,0.0,0.0,
121687050,GOLD,BUY,0.01,0.0,2025-12-26 18:40:50,CLOSED,4516.18,2025-12-26 18:40:50,-1.83,0.0,0.0,
121684112,GOLD,SELL,0.01,0.0,2025-12-26 18:33:57,CLOSED,4520.87,2025-12-26 18:33:57,-0.37,0.0,0.0,
121676466,GOLD,SELL,0.01,0.0,2025-12-26 16:53:42,CLOSED,4516.5,2025-12-26 16:53:42,0.32,0.0,0.0,
121670393,GOLD,BUY,0.01,0.0,2025-12-26 16:55:27,CLOSED,4514.25,2025-12-26 16:55:27,5.01,0.0,0.0,
121662075,GOLD,BUY,0.01,0.0,2025-12-26 14:51:25,CLOSED,4512.27,2025-12-26 14:51:25,-2.95,0.0,0.0,
121658982,GOLD,SELL,0.01,0.0,2025-12-26 14:10:55,CLOSED,4510.62,2025-12-26 14:10:55,1.69,0.0,0.0,
121657402,GOLD,BUY,0.01,0.0,2025-12-26 14:51:25,CLOSED,4512.27,2025-12-26 14:51:25,0.54,0.0,0.0,
121655372,GOLD,BUY,0.01,0.0,2025-12-26 13:30:35,CLOSED,4512.28,2025-12-26 13:30:35,3.54,0.0,0.0,
121617351,GOLD,SELL,0.01,0.0,2025-12-26 07:55:42,CLOSED,4493.92,2025-12-26 07:55:42,2.86,0.0,0.0,
121603105,GOLD,BUY,0.01,0.0,2025-12-25 02:05:15,CLOSED,4478.79,2025-12-25 02:05:15,-1.51,0.0,0.0,
121598619,GOLD,SELL,0.01,0.0,2025-12-26 07:04:16,CLOSED,4491.94,2025-12-26 07:04:16,-6.6,0.0,0.0,
121598298,GOLD,BUY,0.03,0.0,2025-12-25 01:22:49,CLOSED,4480.22,2025-12-25 01:22:49,-16.47,0.0,0.0,
121585070,GOLD,SELL,0.01,0.0,2025-12-25 00:02:12,CLOSED,4462.17,2025-12-25 00:02:12,-8.2,0.0,0.0,
121565293,GOLD,SELL,0.01,0.0,2025-12-24 22:51:32,CLOSED,4467.86,2025-12-24 22:51:32,4.61,0.0,0.0,
121561564,GOLD,SELL,0.01,0.0,2025-12-24 22:33:21,CLOSED,4486.3,2025-12-24 22:33:21,-5.82,0.0,0.0,
121561181,GOLD,SELL,0.01,0.0,2025-12-24 22:38:49,CLOSED,4473.18,2025-12-24 22:38:49,11.48,0.0,0.0,
121559490,GOLD,SELL,0.01,0.0,2025-12-24 22:38:49,CLOSED,4473.25,2025-12-24 22:38:49,11.99,0.0,0.0,
121557996,GOLD,SELL,0.01,0.0,2025-12-24 22:37:32,CLOSED,4475.92,2025-12-24 22:37:32,11.97,0.0,0.0,
121556521,GOLD,SELL,0.01,0.0,2025-12-24 21:51:00,CLOSED,4486.29,2025-12-24 21:51:00,-1.18,0.0,0.0,
121550902,GOLD,SELL,0.01,0.0,2025-12-24 21:50:57,CLOSED,4486.2,2025-12-24 21:50:57,-1.06,0.0,0.0,
121548577,GOLD,BUY,0.01,0.0,2025-12-24 21:06:54,CLOSED,4487.48,2025-12-24 21:06:54,-5.24,0.0,0.0,
121547759,GOLD,SELL,0.01,0.0,2025-12-24 21:20:21,CLOSED,4478.77,2025-12-24 21:20:21,11.44,0.0,0.0,
121546154,GOLD,SELL,0.01,0.0,2025-12-24 21:20:21,CLOSED,4478.44,2025-12-24 21:20:21,11.93,0.0,0.0,
121544210,GOLD,SELL,0.01,0.0,2025-12-24 21:19:54,CLOSED,4480.96,2025-12-24 21:19:54,11.99,0.0,0.0,
121543216,GOLD,BUY,0.01,0.0,2025-12-24 20:44:10,CLOSED,4490.06,2025-12-24 20:44:10,-5.0,0.0,0.0,
121540486,GOLD,SELL,0.01,0.0,2025-12-24 21:20:00,CLOSED,4479.56,2025-12-24 21:20:00,11.95,0.0,0.0,
121539234,GOLD,SELL,0.01,0.0,2025-12-24 20:05:54,CLOSED,4494.08,2025-12-24 20:05:54,-6.01,0.0,0.0,
121538017,GOLD,SELL,0.01,0.0,2025-12-24 20:01:33,CLOSED,4493.24,2025-12-24 20:01:33,-5.98,0.0,0.0,
121537026,GOLD,SELL,0.01,0.0,2025-12-24 20:05:49,CLOSED,4493.85,2025-12-24 20:05:49,-5.85,0.0,0.0,
121535844,GOLD,SELL,0.01,0.0,2025-12-24 19:01:58,CLOSED,4488.13,2025-12-24 19:01:58,1.16,0.0,0.0,
121534432,GOLD,BUY,0.01,0.0,2025-12-24 19:01:53,CLOSED,4487.67,2025-12-24 19:01:53,1.8199999999999998,0.0,0.0,
121531955,GOLD,BUY,0.01,0.0,2025-12-24 18:34:08,CLOSED,4485.06,2025-12-24 18:34:08,-7.65,0.0,0.0,
121530665,GOLD,BUY,0.01,0.0,2025-12-24 18:34:08,CLOSED,4484.98,2025-12-24 18:34:08,-6.04,0.0,0.0,
121526711,GOLD,BUY,0.01,0.0,2025-12-24 18:00:55,CLOSED,4494.07,2025-12-24 18:00:55,2.57,0.0,0.0,
121526162,GOLD,BUY,0.01,0.0,2025-12-24 17:41:54,CLOSED,4491.77,2025-12-24 17:41:54,2.95,0.0,0.0,
121525522,GOLD,BUY,0.01,0.0,2025-12-24 17:41:54,CLOSED,4491.71,2025-12-24 17:41:54,2.25,0.0,0.0,
121524651,GOLD,BUY,0.01,0.0,2025-12-24 17:22:38,CLOSED,4489.95,2025-12-24 17:22:38,-0.58,0.0,0.0,
121521825,GOLD,SELL,0.02,0.0,2025-12-24 17:17:15,CLOSED,4493.44,2025-12-24 17:17:15,-20.88,0.0,0.0,
121514305,GOLD,SELL,0.01,0.0,2025-12-24 16:39:55,CLOSED,4490.3,2025-12-24 16:39:55,-7.53,0.0,0.0,
121513054,GOLD,SELL,0.02,0.0,2025-12-24 16:00:06,CLOSED,4482.32,2025-12-24 16:00:06,3.12,0.0,0.0,
121511528,GOLD,SELL,0.01,0.0,2025-12-24 16:01:08,CLOSED,4478.74,2025-12-24 16:01:08,7.87,0.0,0.0,
121507922,GOLD,SELL,0.01,0.0,2025-12-24 15:48:32,CLOSED,4486.99,2025-12-24 15:48:32,4.99,0.0,0.0,
121506086,GOLD,SELL,0.01,0.0,2025-12-24 15:04:01,CLOSED,4493.3,2025-12-24 15:04:01,1.5899999999999999,0.0,0.0,
121505844,GOLD,SELL,0.01,0.0,2025-12-24 14:54:49,CLOSED,4495.03,2025-12-24 14:54:49,0.42,0.0,0.0,
121482487,GOLD,SELL,0.01,0.0,2025-12-24 14:32:28,CLOSED,4494.09,2025-12-24 14:32:28,-10.62,0.0,0.0,
121472234,GOLD,BUY,0.01,0.0,2025-12-24 10:58:39,CLOSED,4491.96,2025-12-24 10:58:39,-25.96,0.0,0.0,
121461632,GOLD,BUY,0.01,0.0,2025-12-24 08:59:12,CLOSED,4510.68,2025-12-24 08:59:12,-5.34,0.0,0.0,
121459952,GOLD,BUY,0.01,0.0,2025-12-24 09:47:54,CLOSED,4521.04,2025-12-24 09:47:54,3.79,0.0,0.0,
121458325,GOLD,BUY,0.01,0.0,2025-12-24 08:32:49,CLOSED,4514.5,2025-12-24 08:32:49,-0.3,0.0,0.0,
121445564,GOLD,SELL,0.01,0.0,2025-12-24 07:11:24,CLOSED,4494.66,2025-12-24 07:11:24,-5.05,0.0,0.0,
121439075,GOLD,BUY,0.01,0.0,2025-12-24 05:26:47,CLOSED,4490.41,2025-12-24 05:26:47,-3.45,0.0,0.0,
121434141,GOLD,BUY,0.01,0.0,2025-12-24 05:26:47,CLOSED,4490.41,2025-12-24 05:26:47,-4.1,0.0,0.0,
121430708,GOLD,BUY,0.01,0.0,2025-12-24 04:00:32,CLOSED,4489.73,2025-12-24 04:00:32,-3.1,0.0,0.0,
121428040,GOLD,BUY,0.01,0.0,2025-12-24 04:22:22,CLOSED,4493.34,2025-12-24 04:22:22,1.8199999999999998,0.0,0.0,
121407551,GOLD,SELL,0.01,0.0,2025-12-24 02:12:46,CLOSED,4480.86,2025-12-24 02:12:46,-6.62,0.0,0.0,
121404895,GOLD,BUY,0.03,0.0,2025-12-24 00:54:45,CLOSED,4475.84,2025-12-24 00:54:45,17.88,0.0,0.0,
121404025,GOLD,BUY,0.02,0.0,2025-12-24 00:46:11,CLOSED,4467.73,2025-12-24 00:46:11,2.2800000000000002,0.0,0.0,
121393898,GOLD,SELL,0.01,0.0,2025-12-24 00:03:24,CLOSED,4460.17,2025-12-24 00:03:24,-4.54,0.0,0.0,
121391564,GOLD,SELL,0.02,0.0,2025-12-23 23:47:34,CLOSED,4453.75,2025-12-23 23:47:34,4.22,0.0,0.0,
121389416,GOLD,BUY,0.01,0.0,2025-12-23 23:38:48,CLOSED,4451.59,2025-12-23 23:38:48,7.13,0.0,0.0,
121386404,GOLD,SELL,0.01,0.0,2025-12-23 23:31:27,CLOSED,4446.24,2025-12-23 23:31:27,1.94,0.0,0.0,
121377711,GOLD,SELL,0.01,0.0,2025-12-23 23:00:52,CLOSED,4449.76,2025-12-23 23:00:52,-4.99,0.0,0.0,
121369275,GOLD,SELL,0.01,0.0,2025-12-23 22:41:16,CLOSED,4453.59,2025-12-23 22:41:16,5.92,0.0,0.0,
121361672,GOLD,SELL,0.02,0.0,2025-12-23 22:21:35,CLOSED,4471.92,2025-12-23 22:21:35,-10.1,0.0,0.0,
121360303,GOLD,SELL,0.01,0.0,2025-12-23 22:16:25,CLOSED,4465.7,2025-12-23 22:16:25,4.18,0.0,0.0,
121360001,GOLD,SELL,0.01,0.0,2025-12-23 22:16:25,CLOSED,4465.69,2025-12-23 22:16:25,3.69,0.0,0.0,
121345166,GOLD,SELL,0.01,0.0,2025-12-23 21:51:30,CLOSED,4483.89,2025-12-23 21:51:30,6.05,0.0,0.0,
121324390,EURUSD,SELL,0.01,0.0,2025-12-23 22:01:55,CLOSED,1.1775,2025-12-23 22:01:55,2.23,0.0,0.0,
121324381,EURUSD,SELL,0.01,0.0,2025-12-24 22:55:25,CLOSED,1.1779600000000001,2025-12-24 22:55:25,1.81,0.0,0.0,
121324372,EURUSD,SELL,0.01,0.0,2025-12-29 15:01:04,CLOSED,1.17713,2025-12-29 15:01:04,2.83,0.0,0.0,
121324368,EURUSD,SELL,0.01,0.0,2025-12-29 15:01:04,CLOSED,1.17713,2025-12-29 15:01:04,2.83,0.0,0.0,
121323998,GOLD,BUY,0.01,0.0,2025-12-23 20:20:46,CLOSED,4484.2,2025-12-23 20:20:46,-4.5600000000000005,0.0,0.0,
121320786,GOLD,BUY,0.01,0.0,2025-12-23 19:49:17,CLOSED,4487.59,2025-12-23 19:49:17,2.85,0.0,0.0,
121319396,GOLD,SELL,0.01,0.0,2025-12-23 19:40:25,CLOSED,4487.27,2025-12-23 19:40:25,-3.42,0.0,0.0,
121311802,GOLD,BUY,0.01,0.0,2025-12-23 17:44:33,CLOSED,4481.99,2025-12-23 17:44:33,-1.41,0.0,0.0,
121300351,GOLD,BUY,0.01,0.0,2025-12-23 17:07:11,CLOSED,4484.55,2025-12-23 17:07:11,-5.0,0.0,0.0,
121294960,GOLD,BUY,0.01,0.0,2025-12-23 16:28:17,CLOSED,4487.98,2025-12-23 16:28:17,0.0,0.0,0.0,
121293664,GOLD,BUY,0.01,0.0,2025-12-23 16:16:48,CLOSED,4487.42,2025-12-23 16:16:48,-1.35,0.0,0.0,
121290421,GOLD,SELL,0.01,0.0,2025-12-23 15:50:49,CLOSED,4489.36,2025-12-23 15:50:49,-1.55,0.0,0.0,
121267196,GOLD,SELL,0.01,0.0,2025-12-23 13:09:45,CLOSED,4483.72,2025-12-23 13:09:45,-0.7,0.0,0.0,
121267138,GOLD,SELL,0.01,0.0,2025-12-23 13:09:52,CLOSED,4483.61,2025-12-23 13:09:52,-0.95,0.0,0.0,
121267108,GOLD,SELL,0.01,0.0,2025-12-23 13:09:49,CLOSED,4483.54,2025-12-23 13:09:49,-1.24,0.0,0.0,
121267086,GOLD,SELL,0.01,0.0,2025-12-23 13:04:10,CLOSED,4482.37,2025-12-23 13:04:10,-0.3,0.0,0.0,
121266920,GOLD,SELL,0.01,0.0,2025-12-23 13:03:59,CLOSED,4482.36,2025-12-23 13:03:59,0.34,0.0,0.0,
121265852,GOLD,SELL,0.01,0.0,2025-12-23 13:03:21,CLOSED,4482.85,2025-12-23 13:03:21,-1.32,0.0,0.0,
121265792,GOLD,SELL,0.01,0.0,2025-12-23 13:04:03,CLOSED,4482.28,2025-12-23 13:04:03,-0.41,0.0,0.0,
121265736,GOLD,SELL,0.01,0.0,2025-12-23 13:04:07,CLOSED,4482.35,2025-12-23 13:04:07,-1.46,0.0,0.0,
121265674,GOLD,SELL,0.01,0.0,2025-12-23 13:04:14,CLOSED,4482.59,2025-12-23 13:04:14,-2.18,0.0,0.0,
121208038,GOLD,SELL,0.01,0.0,2025-12-23 04:59:00,CLOSED,4438.89,2025-12-23 04:59:00,-6.47,0.0,0.0,
121147962,EURUSD,SELL,0.01,0.0,2025-12-29 15:01:04,CLOSED,1.17713,2025-12-29 15:01:04,-0.77,0.0,0.0,
121147952,EURUSD,SELL,0.01,0.0,2025-12-29 15:01:04,CLOSED,1.17713,2025-12-29 15:01:04,-0.77,0.0,0.0,
121147943,EURUSD,SELL,0.01,0.0,2025-12-29 15:01:04,CLOSED,1.17713,2025-12-29 15:01:04,-0.77,0.0,0.0,
121147934,EURUSD,SELL,0.01,0.0,2025-12-29 15:01:04,CLOSED,1.17713,2025-12-29 15:01:04,-0.78,0.0,0.0,
121147923,EURUSD,SELL,0.01,0.0,2025-12-29 15:01:04,CLOSED,1.17713,2025-12-29 15:01:04,-0.78,0.0,0.0,
121147906,EURUSD,SELL,0.01,0.0,2025-12-29 15:01:04,CLOSED,1.17713,2025-12-29 15:01:04,-0.78,0.0,0.0,
121147892,EURUSD,SELL,0.01,0.0,2025-12-29 15:01:04,CLOSED,1.17713,2025-12-29 15:01:04,-0.78,0.0,0.0,
121147875,EURUSD,SELL,0.01,0.0,2025-12-29 15:01:04,CLOSED,1.17713,2025-12-29 15:01:04,-0.78,0.0,0.0,
121116908,USDCHF,BUY,0.01,0.0,2025-12-29 15:01:04,CLOSED,0.78969,2025-12-29 15:01:04,-4.54,0.0,0.0,
121105141,GOLD,BUY,0.01,0.0,2025-12-22 19:00:22,CLOSED,4408.6,2025-12-22 19:00:22,-0.56,0.0,0.0,
121090673,GOLD,SELL,0.01,0.0,2025-12-22 17:12:53,CLOSED,4413.17,2025-12-22 17:12:53,-4.97,0.0,0.0,
121083626,GOLD,SELL,0.01,0.0,2025-12-22 17:12:14,CLOSED,4412.31,2025-12-22 17:12:14,0.0,0.0,0.0,
121079559,GOLD,BUY,0.01,0.0,2025-12-22 16:10:35,CLOSED,4413.4,2025-12-22 16:10:35,-0.89,0.0,0.0,
121073401,GOLD,BUY,0.01,0.0,2025-12-22 15:25:35,CLOSED,4416.24,2025-12-22 15:25:35,1.07,0.0,0.0,
121064449,GOLD,BUY,0.01,0.0,2025-12-22 14:42:33,CLOSED,4404.48,2025-12-22 14:42:33,0.0,0.0,0.0,
121054133,GOLD,BUY,0.01,0.0,2025-12-22 13:43:02,CLOSED,4397.62,2025-12-22 13:43:02,-5.24,0.0,0.0,
121049083,GOLD,BUY,0.01,0.0,2025-12-22 12:56:09,CLOSED,4397.95,2025-12-22 12:56:09,-0.2,0.0,0.0,
121045504,GOLD,BUY,0.01,0.0,2025-12-22 12:23:59,CLOSED,4394.19,2025-12-22 12:23:59,0.52,0.0,0.0,
121038706,GOLD,BUY,0.01,0.0,2025-12-22 11:39:27,CLOSED,4390.48,2025-12-22 11:39:27,1.41,0.0,0.0,
121033013,GOLD,BUY,0.01,0.0,2025-12-22 10:52:01,CLOSED,4387.48,2025-12-22 10:52:01,1.92,0.0,0.0,
121027853,GOLD,BUY,0.01,0.0,2025-12-22 10:29:20,CLOSED,4379.7,2025-12-22 10:29:20,0.0,0.0,0.0,
121020843,GOLD,BUY,0.01,0.0,2025-12-22 09:39:37,CLOSED,4377.48,2025-12-22 09:39:37,7.98,0.0,0.0,
121009862,GOLD,BUY,0.01,0.0,2025-12-22 08:51:42,CLOSED,4363.4,2025-12-22 08:51:42,0.0,0.0,0.0,
121004086,GOLD,SELL,0.01,0.0,2025-12-22 07:51:13,CLOSED,4354.32,2025-12-22 07:51:13,1.01,0.0,0.0,
120983257,GOLD,SELL,0.01,0.0,2025-12-22 07:05:38,CLOSED,4343.23,2025-12-22 07:05:38,-4.65,0.0,0.0,
120981929,GOLD,SELL,0.01,0.0,2025-12-20 05:37:34,CLOSED,4338.58,2025-12-20 05:37:34,0.0,0.0,0.0,
120977670,GOLD,SELL,0.01,0.0,2025-12-20 05:07:34,CLOSED,4338.73,2025-12-20 05:07:34,5.12,0.0,0.0,
120975705,GOLD,SELL,0.01,0.0,2025-12-20 04:21:37,CLOSED,4344.01,2025-12-20 04:21:37,0.0,0.0,0.0,
120972764,GOLD,SELL,0.01,0.0,2025-12-20 03:41:00,CLOSED,4347.48,2025-12-20 03:41:00,0.0,0.0,0.0,
120968377,GOLD,BUY,0.01,0.0,2025-12-20 02:45:20,CLOSED,4343.38,2025-12-20 02:45:20,-5.03,0.0,0.0,
120961944,GOLD,BUY,0.01,0.0,2025-12-20 02:13:46,CLOSED,4354.49,2025-12-20 02:13:46,1.78,0.0,0.0,
120956851,GOLD,BUY,0.03,0.0,2025-12-20 01:33:05,CLOSED,4351.27,2025-12-20 01:33:05,0.0,0.0,0.0,
120951704,GOLD,SELL,0.01,0.0,2025-12-20 00:39:35,CLOSED,4346.05,2025-12-20 00:39:35,0.61,0.0,0.0,
120945296,GOLD,BUY,0.04,0.0,2025-12-20 00:14:20,CLOSED,4343.78,2025-12-20 00:14:20,-19.84,0.0,0.0,
120929773,GOLD,BUY,0.03,0.0,2025-12-19 23:17:20,CLOSED,4344.32,2025-12-19 23:17:20,5.43,0.0,0.0,
120923467,GOLD,BUY,0.01,0.0,2025-12-19 23:00:28,CLOSED,4333.74,2025-12-19 23:00:28,1.3,0.0,0.0,
120911582,USDCHF,BUY,0.01,0.0,2025-12-29 15:01:04,CLOSED,0.78969,2025-12-29 15:01:04,-6.08,0.0,0.0,
120870091,GOLD,BUY,0.02,0.0,2025-12-19 18:33:30,CLOSED,4323.13,2025-12-19 18:33:30,-11.46,0.0,0.0,
120862957,GOLD,BUY,0.03,0.0,2025-12-19 18:27:33,CLOSED,4327.63,2025-12-19 18:27:33,0.0,0.0,0.0,
120846091,AUDNZD,SELL,0.01,0.0,2025-12-23 10:30:41,CLOSED,1.14658,2025-12-23 10:30:41,0.53,0.0,0.0,
120832519,GOLD,BUY,0.01,0.0,2025-12-19 17:45:06,CLOSED,4331.49,2025-12-19 17:45:06,5.9399999999999995,0.0,0.0,
120828999,GOLD,BUY,0.02,0.0,2025-12-19 13:48:53,CLOSED,4327.57,2025-12-19 13:48:53,8.9,0.0,0.0,
120828990,GOLD,BUY,0.02,0.0,2025-12-19 13:48:53,CLOSED,4327.57,2025-12-19 13:48:53,8.92,0.0,0.0,
120825752,GOLD,SELL,0.02,0.0,2025-12-19 12:51:05,CLOSED,4322.06,2025-12-19 12:51:05,-8.04,0.0,0.0,
120820137,GOLD,BUY,0.01,0.0,2025-12-19 11:31:30,CLOSED,4322.0,2025-12-19 11:31:30,6.96,0.0,0.0,
120820120,GOLD,BUY,0.01,0.0,2025-12-19 11:31:30,CLOSED,4322.0,2025-12-19 11:31:30,5.84,0.0,0.0,
120819746,GOLD,BUY,0.01,0.0,2025-12-19 11:27:56,CLOSED,4321.0,2025-12-19 11:27:56,3.54,0.0,0.0,
120819739,GOLD,BUY,0.01,0.0,2025-12-19 11:27:57,CLOSED,4321.18,2025-12-19 11:27:57,4.2,0.0,0.0,
120819736,GOLD,BUY,0.01,0.0,2025-12-19 11:27:56,CLOSED,4320.86,2025-12-19 11:27:56,3.54,0.0,0.0,
120819381,GOLD,SELL,0.03,0.0,2025-12-19 10:53:39,CLOSED,4317.25,2025-12-19 10:53:39,-4.14,0.0,0.0,
120817437,GOLD,BUY,0.01,0.0,2025-12-19 10:31:42,CLOSED,4326.01,2025-12-19 10:31:42,1.29,0.0,0.0,
120809518,GOLD,BUY,0.01,0.0,2025-12-19 09:15:23,CLOSED,4324.85,2025-12-19 09:15:23,-0.99,0.0,0.0,
120796855,GOLD,SELL,0.01,0.0,2025-12-19 05:21:21,CLOSED,4330.94,2025-12-19 05:21:21,1.31,0.0,0.0,
120796037,GOLD,SELL,0.01,0.0,2025-12-19 05:21:05,CLOSED,4331.12,2025-12-19 05:21:05,1.24,0.0,0.0,
120794893,GOLD,BUY,0.01,0.0,2025-12-19 04:40:53,CLOSED,4337.0,2025-12-19 04:40:53,1.23,0.0,0.0,
120787568,USDCHF,BUY,0.01,0.0,2025-12-19 16:02:13,CLOSED,0.79567,2025-12-19 16:02:13,1.71,0.0,0.0,
120784671,GOLD,BUY,0.01,0.0,2025-12-19 03:43:52,CLOSED,4329.09,2025-12-19 03:43:52,-5.18,0.0,0.0,
120782027,GOLD,SELL,0.02,0.0,2025-12-19 03:07:24,CLOSED,4328.5,2025-12-19 03:07:24,0.74,0.0,0.0,
120781693,GOLD,SELL,0.01,0.0,2025-12-19 03:31:04,CLOSED,4334.88,2025-12-19 03:31:04,-7.35,0.0,0.0,
120747327,GBPCHF,BUY,0.01,0.0,2025-12-23 03:25:21,CLOSED,1.06613,2025-12-23 03:25:21,3.27,0.0,0.0,
120701466,GOLD,SELL,0.01,0.0,2025-12-18 22:45:00,CLOSED,4312.9,2025-12-18 22:45:00,1.02,0.0,0.0,
120680550,USDCHF,BUY,0.01,0.0,2025-12-18 22:44:54,CLOSED,0.79437,2025-12-18 22:44:54,1.72,0.0,0.0,
120677275,NZDCAD,SELL,0.01,0.0,2025-12-18 23:44:50,CLOSED,0.79515,2025-12-18 23:44:50,0.6,0.0,0.0,
120677058,AUDCAD,SELL,0.01,0.0,2025-12-18 23:17:11,CLOSED,0.91122,2025-12-18 23:17:11,0.36,0.0,0.0,
120667472,GOLD,SELL,0.02,0.0,2025-12-18 21:30:01,CLOSED,4328.8,2025-12-18 21:30:01,-13.84,0.0,0.0,
120606045,NZDCAD,BUY,0.01,0.0,2025-12-18 18:51:26,CLOSED,0.7945,2025-12-18 18:51:26,0.65,0.0,0.0,
120521026,AUDNZD,BUY,0.01,0.0,2025-12-18 11:34:40,CLOSED,1.14513,2025-12-18 11:34:40,0.43,0.0,0.0,
120468923,GBPCHF,BUY,0.01,0.0,2025-12-17 22:20:24,CLOSED,1.06345,2025-12-17 22:20:24,1.96,0.0,0.0,
120380121,GOLD,SELL,0.01,0.0,2025-12-17 08:31:17,CLOSED,4312.25,2025-12-17 08:31:17,1.16,0.0,0.0,
120352993,AUDCAD,BUY,0.01,0.0,2025-12-22 11:19:43,CLOSED,0.91382,2025-12-22 11:19:43,1.5999999999999999,0.0,0.0,
120262032,EURUSD,SELL,0.01,0.0,2025-12-17 02:15:37,CLOSED,1.1755,2025-12-17 02:15:37,2.59,0.0,0.0,
120262022,EURUSD,SELL,0.01,0.0,2025-12-17 02:15:36,CLOSED,1.1755,2025-12-17 02:15:36,2.69,0.0,0.0,
120262001,EURUSD,SELL,0.01,0.0,2025-12-17 02:15:36,CLOSED,1.1755,2025-12-17 02:15:36,2.71,0.0,0.0,
120261990,EURUSD,SELL,0.01,0.0,2025-12-17 02:15:36,CLOSED,1.1755,2025-12-17 02:15:36,2.69,0.0,0.0,
120261987,EURUSD,SELL,0.01,0.0,2025-12-17 02:15:35,CLOSED,1.1755,2025-12-17 02:15:35,2.57,0.0,0.0,
120261970,EURUSD,SELL,0.01,0.0,2025-12-17 02:15:35,CLOSED,1.1755,2025-12-17 02:15:35,2.46,0.0,0.0,
120243609,USDCHF,BUY,0.01,0.0,2025-12-17 15:02:17,CLOSED,0.79775,2025-12-17 15:02:17,2.62,0.0,0.0,
120175737,GOLD,BUY,0.01,0.0,2025-12-16 11:17:42,CLOSED,4287.12,2025-12-16 11:17:42,5.78,0.0,0.0,
120175595,GOLD,BUY,0.01,0.0,2025-12-16 11:17:44,CLOSED,4287.5,2025-12-16 11:17:44,5.88,0.0,0.0,
120175577,GOLD,BUY,0.01,0.0,2025-12-16 11:17:42,CLOSED,4287.0,2025-12-16 11:17:42,4.13,0.0,0.0,
120165943,GOLD,SELL,0.01,0.0,2025-12-16 10:00:23,CLOSED,4307.52,2025-12-16 10:00:23,1.22,0.0,0.0,
120150367,NZDCAD,BUY,0.01,0.0,2025-12-16 21:31:27,CLOSED,0.79744,2025-12-16 21:31:27,0.82,0.0,0.0,
120129660,GBPCHF,BUY,0.01,0.0,2025-12-16 18:39:11,CLOSED,1.06789,2025-12-16 18:39:11,2.88,0.0,0.0,
120120918,EURUSD,SELL,0.01,0.0,2025-12-17 15:02:07,CLOSED,1.17103,2025-12-17 15:02:07,4.17,0.0,0.0,
120120892,EURUSD,SELL,0.01,0.0,2025-12-18 21:11:39,CLOSED,1.1722,2025-12-18 21:11:39,3.1,0.0,0.0,
120120877,EURUSD,SELL,0.01,0.0,2025-12-18 21:10:47,CLOSED,1.172,2025-12-18 21:10:47,3.3,0.0,0.0,
120110147,GOLD,BUY,0.01,0.0,2025-12-16 01:30:47,CLOSED,4302.04,2025-12-16 01:30:47,9.45,0.0,0.0,
120110143,GOLD,BUY,0.01,0.0,2025-12-16 01:28:22,CLOSED,4302.86,2025-12-16 01:28:22,9.93,0.0,0.0,
120110121,GOLD,BUY,0.01,0.0,2025-12-16 01:30:19,CLOSED,4303.82,2025-12-16 01:30:19,10.92,0.0,0.0,
120088365,AUDNZD,BUY,0.01,0.0,2025-12-16 03:39:17,CLOSED,1.14736,2025-12-16 03:39:17,0.56,0.0,0.0,
120051561,GOLD,SELL,0.01,0.0,2025-12-15 22:20:10,CLOSED,4326.22,2025-12-15 22:20:10,2.84,0.0,0.0,
120038533,GOLD,BUY,0.01,0.0,2025-12-15 21:15:03,CLOSED,4335.09,2025-12-15 21:15:03,-0.96,0.0,0.0,
119969615,GOLD,SELL,0.01,0.0,2025-12-15 13:24:03,CLOSED,4329.0,2025-12-15 13:24:03,-4.13,0.0,0.0,
119969614,GOLD,SELL,0.01,0.0,2025-12-15 13:24:03,CLOSED,4329.0,2025-12-15 13:24:03,-4.1,0.0,0.0,
119969613,GOLD,SELL,0.01,0.0,2025-12-15 13:24:03,CLOSED,4329.0,2025-12-15 13:24:03,-4.12,0.0,0.0,
119956553,AUDNZD,SELL,0.01,0.0,2025-12-15 20:07:33,CLOSED,1.14778,2025-12-15 20:07:33,0.52,0.0,0.0,
119943467,GOLD,SELL,0.02,0.0,2025-12-15 08:01:25,CLOSED,4305.86,2025-12-15 08:01:25,-10.06,0.0,0.0,
119845762,AUDCAD,BUY,0.01,0.0,2025-12-22 11:19:43,CLOSED,0.91382,2025-12-22 11:19:43,-1.26,0.0,0.0,
119699427,GOLD,BUY,0.01,0.0,2025-12-12 09:00:30,CLOSED,4266.99,2025-12-12 09:00:30,-11.7,0.0,0.0,
119690432,GOLD,BUY,0.01,0.0,2025-12-12 05:33:31,CLOSED,4280.57,2025-12-12 05:33:31,0.56,0.0,0.0,
119687734,GOLD,BUY,0.01,0.0,2025-12-12 05:14:18,CLOSED,4273.44,2025-12-12 05:14:18,-1.6600000000000001,0.0,0.0,
119683029,NZDCAD,BUY,0.01,0.0,2025-12-12 08:47:42,CLOSED,0.80081,2025-12-12 08:47:42,0.52,0.0,0.0,
119682863,AUDNZD,SELL,0.01,0.0,2025-12-12 23:10:25,CLOSED,1.14639,2025-12-12 23:10:25,0.5599999999999999,0.0,0.0,
119672395,GOLD,SELL,0.01,0.0,2025-12-12 03:00:58,CLOSED,4265.74,2025-12-12 03:00:58,0.14,0.0,0.0,
119661879,GOLD,BUY,0.01,0.0,2025-12-12 02:10:12,CLOSED,4284.59,2025-12-12 02:10:12,6.0,0.0,0.0,
119649605,GOLD,BUY,0.01,0.0,2025-12-12 01:08:37,CLOSED,4280.08,2025-12-12 01:08:37,5.97,0.0,0.0,
119630837,GOLD,BUY,0.01,0.0,2025-12-12 00:19:51,CLOSED,4259.48,2025-12-12 00:19:51,5.84,0.0,0.0,
119577801,GOLD,BUY,0.01,0.0,2025-12-11 22:10:46,CLOSED,4227.18,2025-12-11 22:10:46,6.01,0.0,0.0,
119566484,GOLD,BUY,0.01,0.0,2025-12-11 21:15:26,CLOSED,4211.09,2025-12-11 21:15:26,0.0,0.0,0.0,
119526398,GOLD,SELL,0.01,0.0,2025-12-11 16:46:40,CLOSED,4216.27,2025-12-11 16:46:40,1.3,0.0,0.0,
119482682,GOLD,BUY,0.01,0.0,2025-12-11 11:31:05,CLOSED,4212.23,2025-12-11 11:31:05,-1.01,0.0,0.0,
119469964,GOLD,BUY,0.01,0.0,2025-12-11 10:10:36,CLOSED,4233.85,2025-12-11 10:10:36,-5.01,0.0,0.0,
119457422,GOLD,BUY,0.01,0.0,2025-12-11 08:12:30,CLOSED,4240.4,2025-12-11 08:12:30,5.9,0.0,0.0,
119412501,GOLD,SELL,0.01,0.0,2025-12-11 03:30:01,CLOSED,4197.33,2025-12-11 03:30:01,1.08,0.0,0.0,
119385577,GOLD,BUY,0.01,0.0,2025-12-11 01:35:33,CLOSED,4199.58,2025-12-11 01:35:33,-1.13,0.0,0.0,
119382022,GOLD,BUY,0.02,0.0,2025-12-11 01:11:54,CLOSED,4199.51,2025-12-11 01:11:54,-10.0,0.0,0.0,
119355292,GOLD,BUY,0.02,0.0,2025-12-10 22:51:59,CLOSED,4201.14,2025-12-10 22:51:59,1.6,0.0,0.0,
119327186,GOLD,SELL,0.02,0.0,2025-12-10 21:44:49,CLOSED,4202.39,2025-12-10 21:44:49,-9.86,0.0,0.0,
119323462,GOLD,BUY,0.01,0.0,2025-12-10 21:20:19,CLOSED,4192.99,2025-12-10 21:20:19,-4.96,0.0,0.0,
119321874,GOLD,SELL,0.01,0.0,2025-12-10 20:08:22,CLOSED,4200.62,2025-12-10 20:08:22,-5.0,0.0,0.0,
119319203,GOLD,SELL,0.01,0.0,2025-12-10 20:00:58,CLOSED,4198.22,2025-12-10 20:00:58,-4.96,0.0,0.0,
119313275,GOLD,SELL,0.01,0.0,2025-12-10 19:22:45,CLOSED,4195.92,2025-12-10 19:22:45,-5.0,0.0,0.0,
119307329,GOLD,SELL,0.01,0.0,2025-12-10 20:02:20,CLOSED,4198.85,2025-12-10 20:02:20,-5.01,0.0,0.0,
119305006,GOLD,SELL,0.01,0.0,2025-12-10 18:32:08,CLOSED,4189.96,2025-12-10 18:32:08,6.0,0.0,0.0,
119300330,GOLD,SELL,0.01,0.0,2025-12-10 17:56:20,CLOSED,4192.84,2025-12-10 17:56:20,5.92,0.0,0.0,
119291205,GOLD,SELL,0.01,0.0,2025-12-10 16:10:27,CLOSED,4201.11,2025-12-10 16:10:27,-0.15,0.0,0.0,
119285617,GOLD,SELL,0.02,0.0,2025-12-10 16:10:09,CLOSED,4201.67,2025-12-10 16:10:09,10.0,0.0,0.0,
119279667,GOLD,SELL,0.02,0.0,2025-12-10 16:53:01,CLOSED,4198.61,2025-12-10 16:53:01,9.54,0.0,0.0,
119256548,GOLD,SELL,0.01,0.0,2025-12-10 10:11:02,CLOSED,4217.51,2025-12-10 10:11:02,-4.89,0.0,0.0,
119256443,GOLD,SELL,0.01,0.0,2025-12-10 09:45:25,CLOSED,4213.48,2025-12-10 09:45:25,-0.98,0.0,0.0,
119250572,GOLD,BUY,0.01,0.0,2025-12-10 09:15:01,CLOSED,4215.47,2025-12-10 09:15:01,6.0,0.0,0.0,
119244888,GOLD,SELL,0.02,0.0,2025-12-10 09:15:01,CLOSED,4215.74,2025-12-10 09:15:01,-13.06,0.0,0.0,
119228997,GOLD,SELL,0.03,0.0,2025-12-10 02:27:24,CLOSED,4208.08,2025-12-10 02:27:24,-15.03,0.0,0.0,
119084149,GOLD,BUY,0.01,0.0,2025-12-09 11:34:04,CLOSED,4197.29,2025-12-09 11:34:04,-0.83,0.0,0.0,
119033276,GOLD,BUY,0.01,0.0,2025-12-09 13:06:28,CLOSED,4183.76,2025-12-09 13:06:28,-10.66,0.0,0.0,
119031848,GOLD,BUY,0.01,0.0,2025-12-09 13:31:20,CLOSED,4181.32,2025-12-09 13:31:20,-10.46,0.0,0.0,
119030550,GOLD,BUY,0.01,0.0,2025-12-09 14:10:03,CLOSED,4173.63,2025-12-09 14:10:03,-10.74,0.0,0.0,
119030221,GOLD,BUY,0.01,0.0,2025-12-09 14:10:20,CLOSED,4171.45,2025-12-09 14:10:20,-10.840000000000002,0.0,0.0,
119027406,GOLD,BUY,0.01,0.0,2025-12-09 14:12:30,CLOSED,4170.25,2025-12-09 14:12:30,-10.58,0.0,0.0,
